0,1,2,3,4,5,6,Filename
0.14138503,0.0191983,0.19588363,0.12911749,0.10507915,0.2206845,0.18865192,surprise\PrivateTest_10072988.jpg
0.14634384,0.024842635,0.13059199,0.1870897,0.19165386,0.24770564,0.071772344,surprise\PrivateTest_10089743.jpg
0.09594866,0.010248965,0.085434735,0.47786823,0.12899153,0.16399713,0.037510738,surprise\PrivateTest_104142.jpg
0.14452979,0.0193277,0.19168362,0.13971718,0.09465507,0.21402559,0.19606109,surprise\PrivateTest_10427382.jpg
0.08889567,0.008659673,0.09188785,0.32241783,0.22953036,0.20976919,0.048839446,surprise\PrivateTest_10712253.jpg
0.15947022,0.024266714,0.13724385,0.21118815,0.13390656,0.25905648,0.07486801,surprise\PrivateTest_1076980.jpg
0.22297555,0.018872706,0.15525723,0.2815369,0.092726246,0.16929722,0.059334107,surprise\PrivateTest_10775220.jpg
0.14285813,0.011040247,0.19090475,0.21468656,0.09134212,0.23139971,0.117768414,surprise\PrivateTest_10782186.jpg
0.11544564,0.017184377,0.20476356,0.0877099,0.12557293,0.19391438,0.2554092,surprise\PrivateTest_11365666.jpg
0.13324435,0.034158744,0.12394316,0.1933835,0.22763646,0.22945388,0.05817997,surprise\PrivateTest_11445412.jpg
0.13193844,0.014264281,0.16222224,0.3248863,0.11031684,0.16983342,0.086538516,surprise\PrivateTest_11501834.jpg
0.14282534,0.029882304,0.14439239,0.1510142,0.21141487,0.23212959,0.088341296,surprise\PrivateTest_11531030.jpg
0.13001154,0.026315833,0.18616927,0.12056378,0.13250645,0.18723927,0.21719386,surprise\PrivateTest_11664182.jpg
0.0919647,0.006660323,0.154538,0.24095893,0.11435712,0.23096685,0.16055402,surprise\PrivateTest_12065785.jpg
0.1305526,0.025996221,0.16206671,0.18039113,0.1531853,0.24538,0.10242809,surprise\PrivateTest_12400594.jpg
0.14952376,0.017315425,0.18671903,0.16947743,0.08873849,0.23269376,0.15553209,surprise\PrivateTest_12516829.jpg
0.14403477,0.031053964,0.13633469,0.1984754,0.18122469,0.21867545,0.09020098,surprise\PrivateTest_12641070.jpg
0.1365591,0.022664228,0.10807725,0.2510063,0.21974248,0.21348926,0.048461344,surprise\PrivateTest_13194846.jpg
0.13429673,0.031507216,0.13358352,0.24166645,0.15987174,0.20881054,0.090263754,surprise\PrivateTest_13291266.jpg
0.13038796,0.014259872,0.16488993,0.111703806,0.23696905,0.2163586,0.12543084,surprise\PrivateTest_1338609.jpg
0.109368615,0.006892557,0.11124433,0.2199492,0.16504818,0.35693678,0.030560337,surprise\PrivateTest_13590284.jpg
0.17396155,0.03970199,0.13314755,0.18764214,0.1949187,0.20804062,0.06258746,surprise\PrivateTest_13683211.jpg
0.12528212,0.037510347,0.12468466,0.196913,0.21591872,0.21776971,0.081921354,surprise\PrivateTest_1388103.jpg
0.078532256,0.0059829247,0.1968922,0.06066252,0.07895868,0.1372334,0.44173798,surprise\PrivateTest_139065.jpg
0.13193662,0.019533463,0.16491643,0.17232586,0.1363268,0.26024133,0.11471948,surprise\PrivateTest_13992260.jpg
0.15264083,0.011432938,0.15873902,0.17547996,0.113519534,0.3023565,0.085831165,surprise\PrivateTest_14015382.jpg
0.083387524,0.0059689027,0.18063805,0.120911196,0.12755138,0.22826253,0.25328046,surprise\PrivateTest_14204552.jpg
0.16218601,0.02109727,0.14487118,0.1302559,0.20758493,0.26211396,0.07189075,surprise\PrivateTest_14290563.jpg
0.2036217,0.020817252,0.15313888,0.19939467,0.14009875,0.2298835,0.053045228,surprise\PrivateTest_14522193.jpg
0.12293788,0.026855605,0.10365218,0.35588503,0.18416212,0.13752688,0.06898031,surprise\PrivateTest_14561216.jpg
0.113711275,0.011942421,0.09217769,0.37870383,0.16643752,0.20014355,0.036883812,surprise\PrivateTest_14561798.jpg
0.111671865,0.0073173638,0.09024835,0.27577782,0.19013965,0.29148033,0.033364575,surprise\PrivateTest_14592510.jpg
0.14621419,0.016602265,0.21505082,0.08910675,0.12045476,0.19630761,0.21626359,surprise\PrivateTest_14802111.jpg
0.059387952,0.0010131082,0.22533368,0.02942158,0.03132711,0.082287624,0.57122886,surprise\PrivateTest_15433995.jpg
0.19000874,0.022809774,0.13174248,0.18455392,0.20592639,0.2112138,0.053744953,surprise\PrivateTest_15448000.jpg
0.09669868,0.008580244,0.23495208,0.09050363,0.07428256,0.18072304,0.31425977,surprise\PrivateTest_15523257.jpg
0.13252234,0.024592841,0.11317869,0.27626133,0.19060993,0.20969574,0.05313906,surprise\PrivateTest_15585729.jpg
0.14522198,0.026727013,0.107793435,0.32558855,0.15853478,0.18146127,0.054672997,surprise\PrivateTest_15630467.jpg
0.0836432,0.0038364674,0.1687317,0.03180202,0.06178514,0.078504555,0.5716969,surprise\PrivateTest_15770032.jpg
0.1464953,0.020391239,0.14993307,0.22293618,0.13413699,0.23404504,0.092062145,surprise\PrivateTest_1623206.jpg
0.08854228,0.0034146977,0.060454216,0.63713115,0.0867595,0.10608782,0.017610298,surprise\PrivateTest_1667417.jpg
0.15835448,0.010572773,0.19713594,0.10461836,0.072552316,0.26424614,0.19252001,surprise\PrivateTest_1673508.jpg
0.12240613,0.027669722,0.15175113,0.14353625,0.24132615,0.20320456,0.11010608,surprise\PrivateTest_16757278.jpg
0.11587122,0.027568145,0.1604861,0.2079029,0.15981236,0.22530122,0.10305811,surprise\PrivateTest_16764169.jpg
0.033837136,0.0023098125,0.04494143,0.71472436,0.111418955,0.07228487,0.020483397,surprise\PrivateTest_17167274.jpg
0.08717217,0.0104743885,0.2095175,0.07554852,0.11374389,0.17393412,0.3296095,surprise\PrivateTest_17248098.jpg
0.10867335,0.022776732,0.09502638,0.35239536,0.20544654,0.16521497,0.050466668,surprise\PrivateTest_17479537.jpg
0.082241364,0.0053399773,0.20371634,0.050518814,0.09022138,0.14117175,0.42679036,surprise\PrivateTest_17512663.jpg
0.14996333,0.0030389186,0.102430224,0.08133338,0.37350368,0.27610505,0.013625425,surprise\PrivateTest_17526434.jpg
0.12514155,0.014210751,0.21792285,0.092940174,0.09929351,0.1844365,0.26605472,surprise\PrivateTest_17898849.jpg
0.090975024,0.012764581,0.09582849,0.42724606,0.1555725,0.15325294,0.06436042,surprise\PrivateTest_17928476.jpg
0.043367904,0.00089719216,0.14731178,0.018991109,0.03162961,0.053839568,0.7039628,surprise\PrivateTest_18109329.jpg
0.08902377,0.009131597,0.19447415,0.09946599,0.1355405,0.21304649,0.25931755,surprise\PrivateTest_18486097.jpg
0.13472746,0.022069763,0.1558267,0.10187122,0.23742726,0.24333647,0.1047412,surprise\PrivateTest_18505884.jpg
0.15584454,0.03556454,0.1493259,0.195265,0.16380812,0.2056855,0.094506405,surprise\PrivateTest_18712944.jpg
0.11935923,0.030622363,0.17671669,0.18190509,0.13912149,0.20900097,0.14327417,surprise\PrivateTest_18865959.jpg
0.14202331,0.012501574,0.20843408,0.07730634,0.1358769,0.21963285,0.20422496,surprise\PrivateTest_19541998.jpg
0.14468537,0.03332933,0.14399205,0.16089916,0.18639468,0.2199293,0.11077009,surprise\PrivateTest_2017514.jpg
0.0723929,0.004641135,0.20216748,0.043735277,0.069888964,0.09313302,0.51404124,surprise\PrivateTest_2034433.jpg
0.09497109,0.0049416423,0.13549484,0.1645514,0.27928683,0.23658259,0.0841715,surprise\PrivateTest_20732965.jpg
0.09945406,0.013396297,0.09828176,0.27458766,0.24502194,0.22111346,0.048144843,surprise\PrivateTest_20800943.jpg
0.14669493,0.010717511,0.10645906,0.3845778,0.12877883,0.18363394,0.03913797,surprise\PrivateTest_20993679.jpg
0.15386295,0.034629174,0.14543572,0.18052039,0.16068989,0.25205705,0.07280475,surprise\PrivateTest_21197746.jpg
0.1516276,0.039088383,0.13903457,0.17201361,0.19180651,0.2283262,0.07810302,surprise\PrivateTest_21253405.jpg
0.118076526,0.011193993,0.075839415,0.47703418,0.14686732,0.14585039,0.025138235,surprise\PrivateTest_21410542.jpg
0.13700396,0.02206994,0.14411649,0.1985529,0.17221975,0.25502163,0.071015365,surprise\PrivateTest_21541129.jpg
0.14921325,0.027514815,0.16893573,0.1399675,0.18872522,0.19100465,0.13463883,surprise\PrivateTest_21661848.jpg
0.090260744,0.011163303,0.1812472,0.12519144,0.12487682,0.2536521,0.21360843,surprise\PrivateTest_22237388.jpg
0.13882717,0.039002053,0.12970938,0.18389614,0.20663813,0.2351343,0.066792876,surprise\PrivateTest_22576434.jpg
0.07502211,0.0067044054,0.21915002,0.06869722,0.083518974,0.16306445,0.38384277,surprise\PrivateTest_2264189.jpg
0.11079465,0.01606466,0.17685264,0.14631554,0.12681481,0.26117057,0.16198723,surprise\PrivateTest_22781960.jpg
0.14517976,0.02643664,0.18375489,0.11013557,0.15832469,0.20647107,0.16969743,surprise\PrivateTest_2283840.jpg
0.15155599,0.0112603465,0.20526002,0.088623494,0.106978804,0.24407859,0.19224274,surprise\PrivateTest_22866077.jpg
0.1549056,0.014317517,0.10577976,0.32477736,0.15735358,0.20566137,0.03720482,surprise\PrivateTest_23048354.jpg
0.12951949,0.009134659,0.10690382,0.3767923,0.12629206,0.20846404,0.04289359,surprise\PrivateTest_23067313.jpg
0.15060629,0.04317046,0.16482474,0.17728586,0.14081812,0.22670561,0.09658886,surprise\PrivateTest_23371947.jpg
0.15814142,0.023672419,0.14738594,0.15654902,0.198874,0.25151452,0.06386272,surprise\PrivateTest_2349643.jpg
0.13447617,0.0092756385,0.10017537,0.31126338,0.17221467,0.2374153,0.035179455,surprise\PrivateTest_23514058.jpg
0.10908578,0.010725835,0.22611782,0.07084372,0.109838665,0.18782246,0.2855656,surprise\PrivateTest_23652329.jpg
0.15953933,0.023314534,0.12532842,0.1797228,0.18447377,0.28678352,0.04083767,surprise\PrivateTest_23654848.jpg
0.14224535,0.019980691,0.1444132,0.15842797,0.16774091,0.2850824,0.082109496,surprise\PrivateTest_23824214.jpg
0.17600265,0.027801048,0.18610902,0.12184398,0.13075928,0.2211706,0.13631351,surprise\PrivateTest_24065334.jpg
0.084099114,0.0050237603,0.21305934,0.09095067,0.08739011,0.1872601,0.33221692,surprise\PrivateTest_24560345.jpg
0.13348716,0.01730606,0.2028212,0.11301534,0.12521347,0.20307103,0.20508575,surprise\PrivateTest_24716133.jpg
0.11499969,0.007495314,0.102958925,0.35823148,0.1469982,0.23816864,0.03114774,surprise\PrivateTest_25271151.jpg
0.1047133,0.017533494,0.2150902,0.103485264,0.1114659,0.17916498,0.2685469,surprise\PrivateTest_25288007.jpg
0.12128432,0.0051346025,0.07526076,0.4005382,0.13089225,0.24303807,0.023851832,surprise\PrivateTest_25300564.jpg
0.14754511,0.043603316,0.175658,0.10637566,0.18599889,0.1731208,0.16769819,surprise\PrivateTest_25532192.jpg
0.082493335,0.002582333,0.18191952,0.033188708,0.07101775,0.090670615,0.5381277,surprise\PrivateTest_25765328.jpg
0.12723303,0.022740964,0.15972501,0.14654896,0.1674598,0.21918024,0.15711197,surprise\PrivateTest_26047658.jpg
0.1510756,0.04170568,0.13245109,0.12226557,0.23696657,0.24058004,0.074955545,surprise\PrivateTest_26068292.jpg
0.115394585,0.0075241555,0.0692792,0.62320596,0.070714355,0.08112061,0.03276116,surprise\PrivateTest_26378686.jpg
0.15636596,0.008677484,0.09573137,0.32242447,0.18886426,0.19976388,0.028172512,surprise\PrivateTest_26572350.jpg
0.12511782,0.0065095727,0.16438459,0.13996297,0.09524718,0.35845616,0.110321686,surprise\PrivateTest_27366015.jpg
0.13975425,0.010023518,0.2014927,0.09451049,0.10124093,0.2386844,0.21429373,surprise\PrivateTest_27407773.jpg
0.14314006,0.03204103,0.12630515,0.19665463,0.19632234,0.24791071,0.057626132,surprise\PrivateTest_27580582.jpg
0.16279553,0.021757817,0.11584096,0.29456493,0.16739866,0.19084407,0.046798132,surprise\PrivateTest_28198711.jpg
0.13021791,0.02629457,0.17240207,0.118297346,0.17440607,0.23365118,0.14473079,surprise\PrivateTest_28272710.jpg
0.12344028,0.04104129,0.15075862,0.15096739,0.19409613,0.19917081,0.14052546,surprise\PrivateTest_28459548.jpg
0.0927389,0.014249542,0.11576069,0.33658776,0.17271334,0.14821061,0.11973923,surprise\PrivateTest_28499099.jpg
0.16918243,0.029645963,0.1541215,0.19123422,0.13851431,0.23674366,0.080557995,surprise\PrivateTest_28665216.jpg
0.13245241,0.010348566,0.16597138,0.11105354,0.17171611,0.28075445,0.12770358,surprise\PrivateTest_30031654.jpg
0.15960401,0.026539702,0.16381843,0.13174295,0.1408049,0.2576453,0.11984471,surprise\PrivateTest_30073403.jpg
0.10996576,0.010699214,0.21066478,0.07474341,0.09744231,0.19200777,0.30447674,surprise\PrivateTest_30329445.jpg
0.29018813,0.0051774736,0.19038843,0.08325899,0.16334969,0.18932568,0.07831155,surprise\PrivateTest_3036992.jpg
0.16413939,0.020706223,0.12667972,0.2560574,0.14879204,0.2239664,0.05965885,surprise\PrivateTest_30726237.jpg
0.10251471,0.016132897,0.1898327,0.14679536,0.14379908,0.18782191,0.21310341,surprise\PrivateTest_30819571.jpg
0.12956028,0.015835503,0.14374241,0.2024836,0.14720197,0.2727341,0.08844219,surprise\PrivateTest_30899836.jpg
0.15499541,0.036069836,0.15199196,0.12280189,0.20200063,0.2231233,0.10901687,surprise\PrivateTest_31186047.jpg
0.08941113,0.004344894,0.21119013,0.04788029,0.070392594,0.13777944,0.43900147,surprise\PrivateTest_31378427.jpg
0.15009168,0.067734525,0.13643378,0.16859761,0.21030511,0.19999667,0.06684067,surprise\PrivateTest_31470914.jpg
0.13099389,0.007943695,0.19818334,0.08384845,0.09650995,0.28618598,0.1963347,surprise\PrivateTest_31798685.jpg
0.10960811,0.017705921,0.15168564,0.2597573,0.14542994,0.20490292,0.110910244,surprise\PrivateTest_3185131.jpg
0.16364725,0.023599468,0.17989151,0.096013114,0.1612505,0.21382768,0.16177048,surprise\PrivateTest_32006399.jpg
0.18596728,0.02663411,0.1580655,0.1293095,0.21051721,0.20740847,0.082097955,surprise\PrivateTest_32430628.jpg
0.08431103,0.0071642264,0.21800943,0.058296155,0.07200693,0.10616644,0.45404577,surprise\PrivateTest_32600033.jpg
0.14491606,0.030950679,0.1235851,0.20929962,0.19421993,0.24107894,0.055949762,surprise\PrivateTest_33008622.jpg
0.11255773,0.0109728305,0.22632955,0.06984234,0.099952675,0.16160369,0.31874114,surprise\PrivateTest_34124532.jpg
0.105636746,0.016566288,0.11051809,0.49514267,0.10523719,0.10226313,0.0646358,surprise\PrivateTest_34128620.jpg
0.17171177,0.016870182,0.17974116,0.13822414,0.09604392,0.26846316,0.12894577,surprise\PrivateTest_34468339.jpg
0.12025481,0.020617593,0.21415555,0.11156016,0.1216537,0.17958945,0.23216881,surprise\PrivateTest_34601276.jpg
0.15636596,0.008677484,0.09573137,0.32242447,0.18886426,0.19976388,0.028172512,surprise\PrivateTest_34688181.jpg
0.13692382,0.0073396307,0.19660176,0.08128216,0.09894055,0.21012199,0.2687901,surprise\PrivateTest_34696648.jpg
0.11958926,0.016684132,0.207537,0.11681467,0.101236224,0.20131923,0.23681942,surprise\PrivateTest_34706936.jpg
0.12108179,0.011864014,0.102163605,0.28689757,0.20007382,0.23224059,0.045678698,surprise\PrivateTest_34755910.jpg
0.10838969,0.0058830404,0.21285307,0.057330366,0.072896816,0.1417954,0.40085158,surprise\PrivateTest_34869242.jpg
0.11332926,0.016745903,0.19509737,0.09140041,0.150503,0.23695211,0.1959719,surprise\PrivateTest_34869248.jpg
0.122809656,0.005138063,0.14376555,0.3197036,0.10551726,0.22242391,0.08064189,surprise\PrivateTest_3534072.jpg
0.09919607,0.0063987398,0.22152552,0.070022196,0.086637735,0.18637475,0.329845,surprise\PrivateTest_35458201.jpg
0.15590979,0.006946126,0.17378382,0.16406956,0.09890606,0.3318644,0.068520255,surprise\PrivateTest_35609852.jpg
0.09408399,0.011994735,0.0799777,0.44087848,0.17539735,0.16214778,0.035520032,surprise\PrivateTest_35732235.jpg
0.08813705,0.0043383627,0.18846525,0.053237453,0.0783257,0.13203062,0.4554655,surprise\PrivateTest_3628332.jpg
0.1744307,0.010564373,0.20760061,0.068872966,0.1030835,0.18228875,0.2531591,surprise\PrivateTest_36377429.jpg
0.15103266,0.031680793,0.11609014,0.2189357,0.21585934,0.21987228,0.046529073,surprise\PrivateTest_36386071.jpg
0.12412739,0.010913189,0.09567623,0.48804182,0.10553406,0.13026363,0.04544367,surprise\PrivateTest_36889392.jpg
0.10785986,0.0149553735,0.08910594,0.3505283,0.20877513,0.18733427,0.041441098,surprise\PrivateTest_37239771.jpg
0.1319317,0.007437822,0.21668722,0.06349796,0.12335501,0.23086181,0.22622842,surprise\PrivateTest_37638961.jpg
0.12251942,0.024217533,0.18211007,0.12647456,0.16506469,0.18903486,0.19057891,surprise\PrivateTest_37692447.jpg
0.18190712,0.035363115,0.18633978,0.13375455,0.14605856,0.18031538,0.13626148,surprise\PrivateTest_37963456.jpg
0.102299966,0.015344704,0.0972809,0.28508735,0.2492264,0.20784293,0.042917736,surprise\PrivateTest_38343743.jpg
0.09809035,0.01695403,0.11226932,0.26801822,0.24092461,0.17538138,0.08836207,surprise\PrivateTest_38805770.jpg
0.1140505,0.023290537,0.118110344,0.36023587,0.1527765,0.1584626,0.07307364,surprise\PrivateTest_38809207.jpg
0.11330161,0.025566736,0.12965019,0.23324741,0.19215772,0.21367939,0.09239694,surprise\PrivateTest_38836037.jpg
0.14736913,0.008127074,0.117259815,0.27843,0.12727374,0.28680098,0.034739226,surprise\PrivateTest_39146457.jpg
0.08875448,0.0052327807,0.07755913,0.42567632,0.15509847,0.2225109,0.025167927,surprise\PrivateTest_39436840.jpg
0.11923969,0.017035507,0.09573926,0.44272584,0.14040282,0.12599424,0.05886256,surprise\PrivateTest_39513657.jpg
0.16054244,0.020698795,0.18612655,0.08064571,0.1406997,0.20844726,0.2028395,surprise\PrivateTest_39767990.jpg
0.15819916,0.007680714,0.1426525,0.118760444,0.22365646,0.28283486,0.06621584,surprise\PrivateTest_40295337.jpg
0.07018142,0.0031484736,0.22712772,0.05448343,0.06105522,0.14233826,0.44166547,surprise\PrivateTest_40354251.jpg
0.100535296,0.010747394,0.15967746,0.15173642,0.17961204,0.2201003,0.17759107,surprise\PrivateTest_40404994.jpg
0.1314668,0.030097645,0.17124756,0.16112752,0.13662644,0.22081406,0.14861989,surprise\PrivateTest_40584155.jpg
0.09100177,0.01599819,0.18086071,0.15303904,0.13701284,0.24159335,0.18049411,surprise\PrivateTest_4072500.jpg
0.10602822,0.0029560013,0.06591633,0.4386777,0.17954338,0.19322504,0.013653387,surprise\PrivateTest_41450476.jpg
0.12780528,0.040558577,0.17024611,0.13866962,0.15221061,0.1914221,0.17908776,surprise\PrivateTest_41512319.jpg
0.13451725,0.0120093515,0.11168885,0.41432282,0.1230382,0.1588617,0.04556179,surprise\PrivateTest_4156626.jpg
0.12034919,0.009481866,0.19528864,0.060741242,0.085696906,0.1304312,0.39801088,surprise\PrivateTest_41737997.jpg
0.12945753,0.023808042,0.18284735,0.11126004,0.16063048,0.21655257,0.17544398,surprise\PrivateTest_41853394.jpg
0.10928848,0.024394108,0.104412004,0.3444804,0.20699812,0.15528016,0.055146735,surprise\PrivateTest_4281310.jpg
0.12378928,0.03009622,0.13721281,0.17359073,0.21519406,0.24258178,0.07753505,surprise\PrivateTest_42838603.jpg
0.15408853,0.010055128,0.09202184,0.47783655,0.106323354,0.1355074,0.024167188,surprise\PrivateTest_43207789.jpg
0.14009172,0.027311657,0.18158263,0.101491146,0.17776084,0.20077574,0.17098622,surprise\PrivateTest_43252384.jpg
0.114360176,0.008496976,0.20626277,0.15633199,0.08128313,0.25085825,0.1824067,surprise\PrivateTest_43656605.jpg
0.18496202,0.024974132,0.14767951,0.2123823,0.14547586,0.22283362,0.061692614,surprise\PrivateTest_43820728.jpg
0.1445231,0.06320848,0.13345583,0.17318974,0.18565574,0.20528013,0.09468695,surprise\PrivateTest_44127920.jpg
0.123614185,0.020306814,0.17710796,0.14713787,0.14778006,0.24104708,0.14300604,surprise\PrivateTest_44286642.jpg
0.15573832,0.01714601,0.20260082,0.11321827,0.1083102,0.21582037,0.187166,surprise\PrivateTest_44526433.jpg
0.11396275,0.01661488,0.16370839,0.13515325,0.20136581,0.22721232,0.14198259,surprise\PrivateTest_44531124.jpg
0.12737082,0.019205475,0.20470978,0.08416555,0.11538539,0.19915427,0.25000873,surprise\PrivateTest_44564747.jpg
0.11708808,0.008099346,0.107472084,0.25245607,0.17508711,0.29285163,0.046945713,surprise\PrivateTest_44742499.jpg
0.10146257,0.016318332,0.15309677,0.290522,0.117131025,0.18553601,0.13593325,surprise\PrivateTest_44757434.jpg
0.08682322,0.01696585,0.07192771,0.48204312,0.16934088,0.13598064,0.036918573,surprise\PrivateTest_44907068.jpg
0.0934103,0.014784622,0.17265151,0.14559604,0.20208795,0.19004318,0.18142647,surprise\PrivateTest_45226282.jpg
0.18171908,0.0213179,0.15803556,0.23017702,0.13127652,0.21094419,0.06652975,surprise\PrivateTest_45239840.jpg
0.15010071,0.045555286,0.15622194,0.14402498,0.18399598,0.20569856,0.11440255,surprise\PrivateTest_45784436.jpg
0.10924232,0.0050387424,0.19757342,0.09366324,0.12155701,0.21181238,0.2611129,surprise\PrivateTest_45942873.jpg
0.15981995,0.025459591,0.16674164,0.13106342,0.15756068,0.24324673,0.116108015,surprise\PrivateTest_45976722.jpg
0.14056863,0.012834091,0.11364702,0.2041594,0.15682772,0.3274101,0.04455307,surprise\PrivateTest_46290479.jpg
0.08412857,0.0056148577,0.22805037,0.08129397,0.059751395,0.1574189,0.38374195,surprise\PrivateTest_46331172.jpg
0.1752814,0.013571852,0.20310074,0.1265947,0.09140972,0.21654257,0.17349899,surprise\PrivateTest_46434045.jpg
0.141562,0.006025695,0.0943625,0.2999593,0.14385574,0.29242912,0.021805631,surprise\PrivateTest_47189201.jpg
0.17103209,0.007994227,0.06987647,0.38786605,0.19818072,0.15664391,0.008406458,surprise\PrivateTest_47284533.jpg
0.16438067,0.025129506,0.13804744,0.21072885,0.1758527,0.23271213,0.053148635,surprise\PrivateTest_47372428.jpg
0.12434898,0.0075519606,0.07436538,0.44311386,0.14774847,0.18081643,0.022054961,surprise\PrivateTest_47843431.jpg
0.12512656,0.018033665,0.13328895,0.24758063,0.16642551,0.2300446,0.0795002,surprise\PrivateTest_48016910.jpg
0.10762838,0.017352745,0.1347101,0.18657716,0.1751195,0.29192975,0.08668239,surprise\PrivateTest_48185502.jpg
0.091233745,0.011621578,0.13351505,0.26112068,0.1652964,0.24378905,0.093423516,surprise\PrivateTest_48402123.jpg
0.1607874,0.027887251,0.14950226,0.14958073,0.23140001,0.19267333,0.08816898,surprise\PrivateTest_48628749.jpg
0.15236676,0.023373893,0.114148855,0.19685423,0.24512707,0.22434126,0.043787926,surprise\PrivateTest_48789919.jpg
0.05221326,0.0015287368,0.057909705,0.7163963,0.055846334,0.080323406,0.03578222,surprise\PrivateTest_48967459.jpg
0.122639544,0.004221441,0.11937594,0.14151676,0.11096012,0.44779366,0.053492498,surprise\PrivateTest_49077480.jpg
0.096781515,0.0065378197,0.11605793,0.34121183,0.13658048,0.2329447,0.06988566,surprise\PrivateTest_49102178.jpg
0.13212584,0.010550255,0.07222609,0.40477198,0.21047756,0.15045717,0.019391079,surprise\PrivateTest_49993315.jpg
0.2036104,0.018319426,0.15975606,0.10210416,0.19434513,0.25944602,0.06241881,surprise\PrivateTest_50614182.jpg
0.14669493,0.010717511,0.10645906,0.3845778,0.12877883,0.18363394,0.03913797,surprise\PrivateTest_50616965.jpg
0.14625385,0.022992618,0.15150599,0.16204947,0.1564276,0.2654259,0.095344596,surprise\PrivateTest_50683363.jpg
0.15204501,0.028775835,0.14736259,0.20699164,0.1512269,0.23485884,0.07873924,surprise\PrivateTest_50884349.jpg
0.13093857,0.015483124,0.20814037,0.089147486,0.10976491,0.20220944,0.24431613,surprise\PrivateTest_50994876.jpg
0.09213942,0.0071539683,0.20333013,0.08168996,0.10174399,0.22251745,0.29142505,surprise\PrivateTest_51011425.jpg
0.14208654,0.021228213,0.18441668,0.1217587,0.13899207,0.20171523,0.18980256,surprise\PrivateTest_51290776.jpg
0.17231259,0.01929776,0.1501235,0.19784018,0.123317644,0.2634768,0.07363157,surprise\PrivateTest_51540875.jpg
0.11641854,0.015102788,0.22020023,0.09213734,0.11676938,0.18284306,0.2565287,surprise\PrivateTest_51939334.jpg
0.09013178,0.015330335,0.20601971,0.14712448,0.12906995,0.14488712,0.26743656,surprise\PrivateTest_52382443.jpg
0.12901571,0.009145422,0.2100065,0.056152217,0.13406348,0.1864377,0.27517894,surprise\PrivateTest_52491850.jpg
0.1421363,0.03265355,0.14236791,0.17086968,0.15360261,0.255377,0.102992915,surprise\PrivateTest_53006385.jpg
0.12018941,0.012232473,0.18584211,0.10544094,0.11981132,0.18572879,0.27075502,surprise\PrivateTest_53048981.jpg
0.13509658,0.005871184,0.23450103,0.050156582,0.071326025,0.18348625,0.31956235,surprise\PrivateTest_53078668.jpg
0.13188617,0.030862648,0.13562675,0.20523083,0.18235497,0.22559667,0.08844195,surprise\PrivateTest_53165058.jpg
0.120957166,0.021733396,0.18452588,0.11924599,0.13906275,0.22535764,0.18911721,surprise\PrivateTest_53302575.jpg
0.13260512,0.024649763,0.1542794,0.23383176,0.13050298,0.19570406,0.12842688,surprise\PrivateTest_53530460.jpg
0.10748152,0.023029327,0.14284457,0.2686385,0.16217263,0.18840195,0.10743151,surprise\PrivateTest_53657655.jpg
0.10104083,0.013991122,0.20369476,0.08271147,0.11439272,0.1925087,0.2916604,surprise\PrivateTest_54022427.jpg
0.15538894,0.020871637,0.17889367,0.13979076,0.16427068,0.22822517,0.11255913,surprise\PrivateTest_54101876.jpg
0.12025844,0.019409446,0.1629659,0.17869844,0.1411166,0.23811133,0.13943982,surprise\PrivateTest_54508797.jpg
0.08003221,0.003942987,0.19910833,0.037904963,0.063370205,0.10474638,0.5108949,surprise\PrivateTest_54842414.jpg
0.14226882,0.014639194,0.15960877,0.14159651,0.1404865,0.32836115,0.07303904,surprise\PrivateTest_5528245.jpg
0.12010416,0.021102233,0.18037209,0.12775978,0.1455727,0.23005617,0.1750328,surprise\PrivateTest_55324865.jpg
0.13209818,0.019803423,0.09557856,0.36254224,0.18484522,0.1697296,0.035402805,surprise\PrivateTest_55637158.jpg
0.14061816,0.0268253,0.16577347,0.16367312,0.13847502,0.23408781,0.13054715,surprise\PrivateTest_5605924.jpg
0.09436849,0.01382247,0.1375898,0.16879022,0.24070531,0.21695785,0.12776591,surprise\PrivateTest_56096676.jpg
0.1068823,0.0073346472,0.13192743,0.45302835,0.08050861,0.14124651,0.07907209,surprise\PrivateTest_56618052.jpg
0.16008669,0.031212082,0.177926,0.14822723,0.10961478,0.2397513,0.1331819,surprise\PrivateTest_56650171.jpg
0.15107888,0.029766208,0.13424446,0.20949756,0.16856605,0.23735419,0.06949272,surprise\PrivateTest_57200649.jpg
0.09539015,0.025887074,0.10486606,0.30922437,0.2207489,0.16173702,0.08214643,surprise\PrivateTest_57431452.jpg
0.20539057,0.012711191,0.11445208,0.35143027,0.12862518,0.15985881,0.027531914,surprise\PrivateTest_57523082.jpg
0.15800656,0.03506913,0.13735454,0.17551212,0.20550562,0.22880894,0.05974309,surprise\PrivateTest_57882068.jpg
0.11554591,0.033846278,0.115858,0.22897822,0.22410673,0.2140198,0.06764497,surprise\PrivateTest_58123153.jpg
0.15290327,0.020606603,0.17278516,0.114628606,0.19580689,0.24873394,0.094535545,surprise\PrivateTest_58192505.jpg
0.10466753,0.021747392,0.09122145,0.29066443,0.25331023,0.19644204,0.041946895,surprise\PrivateTest_58283362.jpg
0.14623779,0.013730125,0.15040393,0.17875555,0.13967162,0.2897765,0.08142448,surprise\PrivateTest_58393533.jpg
0.07642135,0.006290173,0.1830131,0.061232608,0.093848154,0.112395465,0.46679917,surprise\PrivateTest_58522921.jpg
0.11931794,0.0072426395,0.13646367,0.28745314,0.12227196,0.23271357,0.094537176,surprise\PrivateTest_58564335.jpg
0.14446631,0.022307677,0.13145263,0.18621384,0.17238206,0.2832789,0.059898574,surprise\PrivateTest_59029114.jpg
0.10065778,0.010975548,0.18589002,0.12314724,0.16762008,0.21720243,0.19450691,surprise\PrivateTest_59195628.jpg
0.11029754,0.011883554,0.13488135,0.24479826,0.1550533,0.2732704,0.069815606,surprise\PrivateTest_59347947.jpg
0.110295326,0.018166054,0.21608113,0.095147654,0.12980488,0.13889952,0.29160544,surprise\PrivateTest_5943934.jpg
0.073445894,0.010333878,0.14579287,0.2921861,0.13572586,0.1890585,0.15345691,surprise\PrivateTest_59595884.jpg
0.14630456,0.04151282,0.162731,0.18670191,0.13324691,0.21750364,0.11199916,surprise\PrivateTest_59707648.jpg
0.10822719,0.019998513,0.16262743,0.19850194,0.1415155,0.2168572,0.15227225,surprise\PrivateTest_59852729.jpg
0.15405232,0.008660807,0.17961836,0.1487222,0.14596109,0.26417878,0.09880649,surprise\PrivateTest_60064036.jpg
0.094308324,0.008268754,0.06266542,0.6153994,0.106022045,0.08904391,0.024292083,surprise\PrivateTest_60102040.jpg
0.070435494,0.0033133351,0.23383388,0.064699605,0.06043976,0.15596999,0.4113079,surprise\PrivateTest_60337169.jpg
0.13002624,0.017227031,0.17177409,0.11715389,0.14531189,0.25867504,0.1598318,surprise\PrivateTest_60460044.jpg
0.09567286,0.0041672727,0.23769876,0.054549843,0.07495228,0.17179663,0.36116233,surprise\PrivateTest_60776306.jpg
0.114943445,0.019007716,0.10556155,0.27838552,0.21296762,0.21512789,0.05400625,surprise\PrivateTest_60993930.jpg
0.1228972,0.008252985,0.094385915,0.45666355,0.12732466,0.14782164,0.042654023,surprise\PrivateTest_6116699.jpg
0.13425364,0.026814068,0.119640276,0.19763693,0.21898112,0.25467563,0.047998343,surprise\PrivateTest_61359508.jpg
0.09760044,0.007880581,0.21332507,0.08386574,0.08054158,0.15310092,0.36368567,surprise\PrivateTest_61881861.jpg
0.07646738,0.0044063535,0.22122619,0.053705644,0.06968779,0.18505253,0.38945407,surprise\PrivateTest_61993656.jpg
0.07926997,0.016131002,0.19355951,0.106999874,0.13563026,0.15723352,0.31117588,surprise\PrivateTest_62122732.jpg
0.10988714,0.017332718,0.19080192,0.12966393,0.13592432,0.21306252,0.2033275,surprise\PrivateTest_62544233.jpg
0.12024381,0.008911207,0.06570596,0.5736302,0.11260537,0.100190185,0.018713245,surprise\PrivateTest_62778623.jpg
0.10497985,0.016301982,0.2013826,0.118092075,0.11489462,0.20670743,0.23764144,surprise\PrivateTest_62895105.jpg
0.114151664,0.014816382,0.112625755,0.2053465,0.2649955,0.22475909,0.06330514,surprise\PrivateTest_63218849.jpg
0.13976838,0.036204267,0.13387895,0.14370602,0.251335,0.24167551,0.053431865,surprise\PrivateTest_63231524.jpg
0.07347621,0.0044169845,0.21678336,0.051105727,0.07505881,0.150729,0.42842987,surprise\PrivateTest_63379834.jpg
0.11513145,0.017764231,0.20800054,0.081607945,0.11998158,0.1690808,0.28843337,surprise\PrivateTest_63477934.jpg
0.06772397,0.0033826036,0.0477574,0.71848804,0.080204226,0.06348066,0.018963056,surprise\PrivateTest_63760007.jpg
0.11326425,0.010215598,0.20455769,0.0727156,0.08943691,0.18576765,0.32404232,surprise\PrivateTest_63826397.jpg
0.13519157,0.016790796,0.13236786,0.34986982,0.1046061,0.17005216,0.091121696,surprise\PrivateTest_64052461.jpg
0.16015695,0.0196709,0.1121294,0.36412174,0.14144737,0.16213213,0.040341537,surprise\PrivateTest_64218614.jpg
0.13324428,0.016935837,0.2110977,0.10934154,0.11051131,0.20404714,0.21482219,surprise\PrivateTest_642696.jpg
0.13429673,0.031507216,0.13358352,0.24166645,0.15987174,0.20881054,0.090263754,surprise\PrivateTest_64423807.jpg
0.18440492,0.012391378,0.14865224,0.15521204,0.19631217,0.26377824,0.03924906,surprise\PrivateTest_64629991.jpg
0.11589501,0.01114474,0.10270467,0.2128374,0.25599387,0.26644725,0.034976996,surprise\PrivateTest_64680038.jpg
0.122147724,0.003337649,0.10657974,0.22883686,0.11747456,0.39863312,0.022990337,surprise\PrivateTest_6512456.jpg
0.14931464,0.02214896,0.14069857,0.14414345,0.20825326,0.2557647,0.079676494,surprise\PrivateTest_6587334.jpg
0.15271762,0.035981875,0.15122734,0.12820388,0.20138583,0.240108,0.090375416,surprise\PrivateTest_66131494.jpg
0.1217886,0.02533333,0.10198825,0.42731065,0.14228812,0.12257649,0.058714602,surprise\PrivateTest_66164599.jpg
0.104215495,0.01678688,0.20784026,0.11343154,0.115921915,0.18865098,0.25315294,surprise\PrivateTest_66300077.jpg
0.12305292,0.010247006,0.21943624,0.08365912,0.09989855,0.1900636,0.2736426,surprise\PrivateTest_66332069.jpg
0.124038845,0.021201529,0.12362445,0.21727271,0.20073512,0.22382304,0.08930438,surprise\PrivateTest_66702303.jpg
0.12479593,0.01300735,0.19787316,0.13702068,0.093579136,0.222107,0.2116167,surprise\PrivateTest_66788337.jpg
0.15560716,0.021920355,0.1535403,0.16348615,0.20125742,0.23536068,0.06882792,surprise\PrivateTest_66905202.jpg
0.09534243,0.01222205,0.11349628,0.37612447,0.13485551,0.18173711,0.0862222,surprise\PrivateTest_66966629.jpg
0.12832011,0.032592744,0.14368789,0.16868782,0.21251948,0.2043152,0.109876744,surprise\PrivateTest_67079560.jpg
0.14475676,0.04574444,0.15176617,0.19311889,0.16533415,0.20015901,0.099120535,surprise\PrivateTest_67127914.jpg
0.08735084,0.0045440546,0.23134539,0.059908375,0.061861664,0.18705727,0.36793244,surprise\PrivateTest_6719287.jpg
0.101479374,0.017657042,0.12906234,0.1981537,0.19680876,0.26874635,0.0880924,surprise\PrivateTest_67376319.jpg
0.12179618,0.016118884,0.1937396,0.1584349,0.13715282,0.18213165,0.19062603,surprise\PrivateTest_67564456.jpg
0.09642625,0.0144148115,0.18661897,0.24232502,0.08499696,0.16667613,0.20854187,surprise\PrivateTest_67692023.jpg
0.1599789,0.014888874,0.1797401,0.08534241,0.1429579,0.2552597,0.16183224,surprise\PrivateTest_68250414.jpg
0.14506243,0.032765992,0.16228956,0.1611976,0.16241239,0.1884464,0.14782558,surprise\PrivateTest_68447996.jpg
0.1756056,0.019551298,0.19259617,0.077710256,0.14580451,0.22648022,0.16225196,surprise\PrivateTest_6862393.jpg
0.13122426,0.033852212,0.13145521,0.20507611,0.21992126,0.187455,0.09101598,surprise\PrivateTest_68745885.jpg
0.10106837,0.020093137,0.13040207,0.24171048,0.22145253,0.17296045,0.112312995,surprise\PrivateTest_69316109.jpg
0.1577103,0.031467818,0.16797677,0.15650025,0.1459147,0.23141304,0.10901712,surprise\PrivateTest_69492660.jpg
0.12304256,0.03105784,0.18366067,0.1754753,0.11435867,0.2062286,0.16617635,surprise\PrivateTest_69615782.jpg
0.1369421,0.013944847,0.13202554,0.12313541,0.25377962,0.25015903,0.09001342,surprise\PrivateTest_69627128.jpg
0.15338638,0.050426874,0.12662885,0.24588856,0.17726642,0.17303415,0.073368825,surprise\PrivateTest_69939146.jpg
0.11618186,0.020768771,0.13097344,0.21188462,0.19815335,0.239092,0.082945965,surprise\PrivateTest_70240609.jpg
0.17452511,0.008988774,0.19345549,0.049834266,0.15436621,0.16241774,0.2564124,surprise\PrivateTest_70455077.jpg
0.17113292,0.012284282,0.1674925,0.078405075,0.2242046,0.24057765,0.105902955,surprise\PrivateTest_70595908.jpg
0.106417984,0.019150723,0.14063656,0.18600217,0.21886584,0.23326285,0.09566385,surprise\PrivateTest_70796806.jpg
0.14312696,0.01686177,0.104812376,0.43501896,0.1056674,0.13917245,0.055340033,surprise\PrivateTest_71094703.jpg
0.047631226,0.0014774618,0.2070111,0.0432174,0.03164122,0.094116084,0.5749055,surprise\PrivateTest_71175068.jpg
0.09112803,0.01705737,0.08662351,0.43395424,0.18920383,0.13699527,0.04503775,surprise\PrivateTest_71444767.jpg
0.08691596,0.014690872,0.14054589,0.20977148,0.2155469,0.20445979,0.12806904,surprise\PrivateTest_71692098.jpg
0.11310796,0.021980852,0.18432045,0.10576258,0.17782669,0.19499351,0.202008,surprise\PrivateTest_71740233.jpg
0.1652955,0.009110661,0.13895288,0.30061477,0.096787006,0.236893,0.05234622,surprise\PrivateTest_71748648.jpg
0.06958835,0.00278055,0.20810586,0.05629148,0.05400157,0.117052086,0.49218014,surprise\PrivateTest_71771739.jpg
0.13815372,0.025499362,0.15654504,0.22605704,0.14238185,0.22585836,0.08550452,surprise\PrivateTest_72365149.jpg
0.14854449,0.01753662,0.1072606,0.37738135,0.1392273,0.17221656,0.037833013,surprise\PrivateTest_72371044.jpg
0.15311417,0.042359322,0.17163783,0.1392293,0.15192527,0.20288087,0.13885319,surprise\PrivateTest_72822627.jpg
0.11778273,0.0037346578,0.13582519,0.3674819,0.094817124,0.21046324,0.06989522,surprise\PrivateTest_73073050.jpg
0.10797644,0.010815651,0.090017796,0.32104608,0.19231312,0.24554546,0.032285474,surprise\PrivateTest_73154398.jpg
0.19810225,0.02974663,0.17512618,0.16139443,0.14227742,0.20032942,0.09302365,surprise\PrivateTest_73205039.jpg
0.15407254,0.047589846,0.14774019,0.16363415,0.1769842,0.2224227,0.08755643,surprise\PrivateTest_73853005.jpg
0.10510161,0.021547608,0.116865575,0.28300947,0.18699704,0.20735185,0.079126805,surprise\PrivateTest_74762386.jpg
0.14756833,0.015173916,0.21033894,0.066266686,0.10909815,0.19946747,0.2520864,surprise\PrivateTest_74775203.jpg
0.11337622,0.005834526,0.22243948,0.050662767,0.08830754,0.15580674,0.36357275,surprise\PrivateTest_74961438.jpg
0.1783023,0.025373904,0.16768505,0.16771376,0.1155492,0.25005612,0.09531968,surprise\PrivateTest_7531182.jpg
0.07659293,0.005245923,0.12174781,0.4630116,0.097491995,0.14934064,0.08656905,surprise\PrivateTest_75549401.jpg
0.2146507,0.012707541,0.17626318,0.14263232,0.101218715,0.27902895,0.07349866,surprise\PrivateTest_75638667.jpg
0.14830971,0.031608578,0.1473315,0.15938051,0.16266872,0.24691816,0.103782855,surprise\PrivateTest_75723378.jpg
0.1436684,0.037236392,0.12577929,0.19483836,0.2237081,0.21094361,0.06382591,surprise\PrivateTest_76235773.jpg
0.11935923,0.030622363,0.17671669,0.18190509,0.13912149,0.20900097,0.14327417,surprise\PrivateTest_76249877.jpg
0.19155864,0.024192298,0.16496105,0.22172411,0.102333575,0.21831726,0.076913044,surprise\PrivateTest_76422616.jpg
0.17147015,0.0022602794,0.09529077,0.4684719,0.064924,0.17767346,0.019909468,surprise\PrivateTest_76524639.jpg
0.11326737,0.0059131803,0.22175068,0.07882894,0.06704958,0.20947799,0.30371225,surprise\PrivateTest_77130003.jpg
0.12800255,0.02864194,0.14456083,0.16840632,0.22616267,0.21148546,0.09274021,surprise\PrivateTest_77634297.jpg
0.13587895,0.017689727,0.14344615,0.12460266,0.26755992,0.23273544,0.07808721,surprise\PrivateTest_77729498.jpg
0.14502981,0.011041442,0.21815439,0.13687293,0.073599756,0.22023071,0.19507092,surprise\PrivateTest_77901708.jpg
0.1521141,0.040420793,0.16442856,0.15288289,0.15079582,0.2252775,0.11408028,surprise\PrivateTest_77993783.jpg
0.13292307,0.04077446,0.14533673,0.22016308,0.17857583,0.2047069,0.07751998,surprise\PrivateTest_7808000.jpg
0.15835437,0.033793878,0.1850604,0.113358915,0.14566948,0.1870307,0.17673224,surprise\PrivateTest_78087783.jpg
0.13735089,0.005670005,0.22016022,0.047049757,0.076102965,0.15029436,0.36337173,surprise\PrivateTest_78283991.jpg
0.11803619,0.008145581,0.08221186,0.32222757,0.19689406,0.2511862,0.02129862,surprise\PrivateTest_78295416.jpg
0.17237489,0.025396122,0.10871724,0.33939338,0.1733037,0.14605674,0.03475798,surprise\PrivateTest_78415202.jpg
0.15443915,0.02226093,0.18544708,0.110444486,0.115238674,0.22962034,0.18254937,surprise\PrivateTest_78536175.jpg
0.1404628,0.008402854,0.18500376,0.08264581,0.17174724,0.25719804,0.15453951,surprise\PrivateTest_78561701.jpg
0.13526203,0.022023635,0.19621132,0.12218377,0.13907987,0.19299176,0.19224758,surprise\PrivateTest_78614220.jpg
0.0733479,0.005214073,0.2047562,0.09856217,0.09078036,0.13810211,0.3892372,surprise\PrivateTest_78713133.jpg
0.12539043,0.025808627,0.15131108,0.13734047,0.1719301,0.25261077,0.13560843,surprise\PrivateTest_79429682.jpg
0.12169026,0.030503249,0.12699553,0.22488794,0.21470493,0.18513696,0.09608118,surprise\PrivateTest_79494187.jpg
0.0929131,0.014150771,0.16133872,0.13398501,0.20423649,0.24814881,0.14522713,surprise\PrivateTest_79872412.jpg
0.11692974,0.012662521,0.21760473,0.06602706,0.10967073,0.14478321,0.33232203,surprise\PrivateTest_80135557.jpg
0.09540918,0.0062706396,0.21192038,0.06072193,0.15499263,0.19036835,0.2803169,surprise\PrivateTest_80382718.jpg
0.13592394,0.03267196,0.14498647,0.22477369,0.17713419,0.17548156,0.1090283,surprise\PrivateTest_80572685.jpg
0.11952291,0.011349531,0.2087986,0.07952688,0.114386834,0.21990237,0.2465128,surprise\PrivateTest_81021004.jpg
0.1440205,0.055038456,0.13117208,0.17012744,0.21442728,0.21173419,0.07347998,surprise\PrivateTest_81281432.jpg
0.23750629,0.01245244,0.1494719,0.12774085,0.1914374,0.23734938,0.044041675,surprise\PrivateTest_81396041.jpg
0.1464896,0.023330564,0.17398562,0.10996397,0.17196433,0.2218752,0.1523908,surprise\PrivateTest_81424886.jpg
0.16314028,0.01607291,0.112800755,0.27490023,0.17482004,0.21736377,0.040902026,surprise\PrivateTest_81426356.jpg
0.11961139,0.015277194,0.10837872,0.35480973,0.16229153,0.19001958,0.0496119,surprise\PrivateTest_81533064.jpg
0.14346026,0.030357908,0.12618226,0.1555582,0.2496264,0.23550953,0.059305508,surprise\PrivateTest_81832781.jpg
0.11860029,0.02119548,0.19758299,0.13666107,0.109588936,0.20948966,0.20688151,surprise\PrivateTest_82041388.jpg
0.16381857,0.014771565,0.12103653,0.29716665,0.15131749,0.21516344,0.036725726,surprise\PrivateTest_82049883.jpg
0.09371466,0.0068218806,0.22496682,0.14072049,0.083474375,0.16972852,0.28057316,surprise\PrivateTest_82391300.jpg
0.1813687,0.007306835,0.15337135,0.07115164,0.25384334,0.24109493,0.09186329,surprise\PrivateTest_8256849.jpg
0.13597254,0.00700329,0.22359662,0.058707234,0.084191054,0.1747923,0.31573695,surprise\PrivateTest_82718333.jpg
0.16560185,0.030007454,0.18156686,0.1188722,0.1253186,0.2256856,0.15294747,surprise\PrivateTest_83521964.jpg
0.16210802,0.024216484,0.14481536,0.18518111,0.24035366,0.17753948,0.065785944,surprise\PrivateTest_83796714.jpg
0.13485526,0.02062929,0.15571806,0.1733165,0.16918771,0.19144933,0.15484387,surprise\PrivateTest_84156685.jpg
0.14210303,0.013753933,0.09449662,0.3168971,0.20097813,0.19677348,0.03499773,surprise\PrivateTest_8416578.jpg
0.12100449,0.01760504,0.19628721,0.08853333,0.12513316,0.21779247,0.23364432,surprise\PrivateTest_84535961.jpg
0.1493271,0.007864037,0.13954243,0.26927435,0.10823597,0.23828645,0.08746959,surprise\PrivateTest_84658197.jpg
0.12390514,0.018734127,0.19527093,0.101699226,0.123830214,0.16950668,0.2670536,surprise\PrivateTest_84762716.jpg
0.12657242,0.023033384,0.17970978,0.17037229,0.11344515,0.22835729,0.15850976,surprise\PrivateTest_84888763.jpg
0.13039827,0.016498188,0.12579307,0.15541984,0.25655124,0.26719764,0.04814165,surprise\PrivateTest_84891285.jpg
0.113047354,0.01643508,0.093163006,0.45814553,0.14782867,0.115809135,0.05557122,surprise\PrivateTest_85056155.jpg
0.107993916,0.023145914,0.17381573,0.12502752,0.1893106,0.20540333,0.17530295,surprise\PrivateTest_85402036.jpg
0.12239709,0.010471208,0.19889818,0.07485342,0.101907745,0.1836962,0.3077762,surprise\PrivateTest_87304390.jpg
0.06547794,0.00483951,0.17640331,0.05625167,0.094510145,0.108039245,0.49447814,surprise\PrivateTest_87631890.jpg
0.14914578,0.0037663456,0.08976822,0.20966487,0.2357345,0.2933124,0.018607842,surprise\PrivateTest_87978901.jpg
0.1376492,0.03167503,0.1234755,0.19726472,0.19877665,0.24201043,0.069148436,surprise\PrivateTest_88079148.jpg
0.099205695,0.008683438,0.18287124,0.10649217,0.12104368,0.19620666,0.28549704,surprise\PrivateTest_88511139.jpg
0.1744307,0.010564373,0.20760061,0.068872966,0.1030835,0.18228875,0.2531591,surprise\PrivateTest_88540078.jpg
0.1331478,0.022253102,0.18195467,0.124398045,0.14656478,0.18957055,0.20211098,surprise\PrivateTest_8875376.jpg
0.088741325,0.010905033,0.14614132,0.21416107,0.15334235,0.27604902,0.11065987,surprise\PrivateTest_89002309.jpg
0.103723355,0.013577706,0.22089916,0.09390235,0.122446716,0.16225952,0.28319117,surprise\PrivateTest_89814190.jpg
0.18755335,0.020977767,0.18469304,0.14044236,0.13982847,0.19742656,0.12907839,surprise\PrivateTest_89914960.jpg
0.17723556,0.022920294,0.18847188,0.08013915,0.1513207,0.21305232,0.16686006,surprise\PrivateTest_90653008.jpg
0.09501484,0.0040128217,0.21983978,0.03836834,0.07025435,0.13961178,0.43289813,surprise\PrivateTest_90663142.jpg
0.14533511,0.034026507,0.16521719,0.109988295,0.19865365,0.18921915,0.15756021,surprise\PrivateTest_9068096.jpg
0.105537206,0.017800234,0.19074017,0.1338954,0.11934299,0.18469407,0.24798994,surprise\PrivateTest_90847876.jpg
0.13608097,0.0086392,0.20925033,0.13657722,0.06578862,0.25217244,0.19149117,surprise\PrivateTest_90978621.jpg
0.13776824,0.0033264717,0.07822472,0.49087247,0.09980457,0.17128572,0.018717783,surprise\PrivateTest_91265725.jpg
0.14422053,0.016839623,0.12975797,0.28641367,0.15370238,0.21807094,0.050994873,surprise\PrivateTest_91276966.jpg
0.14969511,0.015081313,0.14410743,0.15667732,0.23677194,0.16801739,0.12964953,surprise\PrivateTest_914251.jpg
0.16386071,0.0018120175,0.114013284,0.49271438,0.045225244,0.16057763,0.021796737,surprise\PrivateTest_91476603.jpg
0.19048782,0.029072668,0.14556687,0.18044487,0.18601033,0.18827462,0.08014272,surprise\PrivateTest_9171383.jpg
0.15110007,0.029495744,0.1511514,0.1630569,0.15599412,0.26298392,0.08621781,surprise\PrivateTest_91946755.jpg
0.18403995,0.042744625,0.14909664,0.17066629,0.14835212,0.22737092,0.07772946,surprise\PrivateTest_91967730.jpg
0.19793248,0.021927333,0.18932837,0.11860509,0.11699078,0.2190334,0.13618247,surprise\PrivateTest_92016036.jpg
0.12567472,0.015738556,0.17846018,0.13376008,0.12815575,0.23708281,0.181128,surprise\PrivateTest_92553807.jpg
0.112217866,0.01451371,0.1988747,0.1023286,0.0939109,0.21175095,0.2664033,surprise\PrivateTest_92591165.jpg
0.07431268,0.0045725987,0.18091208,0.05538595,0.07376533,0.13982897,0.47122246,surprise\PrivateTest_93419159.jpg
0.16244237,0.01199905,0.120448194,0.17369138,0.19782421,0.30489248,0.02870229,surprise\PrivateTest_93686328.jpg
0.102166146,0.010020434,0.17102557,0.31267127,0.088736124,0.19473346,0.120647,surprise\PrivateTest_94044652.jpg
0.14312577,0.028083054,0.13408716,0.17726097,0.19807135,0.25420746,0.06516431,surprise\PrivateTest_94417003.jpg
0.10284026,0.014660134,0.12015045,0.337542,0.17419082,0.19475742,0.055858962,surprise\PrivateTest_94809551.jpg
0.18437204,0.016575478,0.15055881,0.28987032,0.103983626,0.16173847,0.09290122,surprise\PrivateTest_95250872.jpg
0.031357262,0.0004997084,0.017561972,0.8819903,0.032314736,0.032204926,0.004071069,surprise\PrivateTest_95310439.jpg
0.1667011,0.0064860904,0.2245776,0.06421057,0.089493915,0.18141967,0.2671111,surprise\PrivateTest_95404064.jpg
0.117349066,0.008516857,0.20257916,0.06678839,0.10542248,0.24008761,0.2592565,surprise\PrivateTest_95778572.jpg
0.16734482,0.041532286,0.14260273,0.17778723,0.17198007,0.22296788,0.07578504,surprise\PrivateTest_9610220.jpg
0.107218556,0.011976678,0.20182577,0.08812775,0.11230612,0.22136672,0.2571784,surprise\PrivateTest_96143637.jpg
0.047582626,0.000842712,0.18803307,0.023734283,0.04386372,0.084444866,0.61149865,surprise\PrivateTest_96333750.jpg
0.15062194,0.025116166,0.17933066,0.13979162,0.13197829,0.23182382,0.14133756,surprise\PrivateTest_96986087.jpg
0.1720467,0.020994771,0.12551285,0.2097792,0.17477135,0.2544459,0.042449273,surprise\PrivateTest_97163676.jpg
0.12198215,0.024834754,0.11338711,0.2403773,0.20357738,0.24258636,0.053254947,surprise\PrivateTest_97190139.jpg
0.15147373,0.019683084,0.20566957,0.101282,0.1193742,0.21257311,0.18994434,surprise\PrivateTest_97342741.jpg
0.047227688,0.0026118488,0.032625973,0.77612466,0.07654441,0.054134935,0.010730532,surprise\PrivateTest_97558106.jpg
0.13526884,0.009110808,0.19326505,0.086865075,0.11198507,0.20834228,0.25516292,surprise\PrivateTest_97564373.jpg
0.14155437,0.008851381,0.12816782,0.2655254,0.14832643,0.26981583,0.037758697,surprise\PrivateTest_97733555.jpg
0.13211335,0.014989663,0.17030203,0.26652718,0.10127939,0.17741993,0.13736849,surprise\PrivateTest_97780010.jpg
0.14457585,0.010699901,0.20487228,0.055182435,0.09859634,0.16587317,0.32019997,surprise\PrivateTest_98453427.jpg
0.15077923,0.009745667,0.11144961,0.15916023,0.20803891,0.31647366,0.04435271,surprise\PrivateTest_98556225.jpg
0.14124705,0.010025265,0.18851489,0.10201338,0.08409872,0.28366515,0.1904356,surprise\PrivateTest_98873206.jpg
0.08619973,0.0064581265,0.22830123,0.09192097,0.083049856,0.20790853,0.29616153,surprise\PrivateTest_98946299.jpg
0.10045517,0.0058530904,0.21110962,0.075499184,0.07262297,0.17934686,0.35511303,surprise\PrivateTest_99005688.jpg
0.1407272,0.039527707,0.14016047,0.253915,0.1622258,0.17480044,0.088643245,surprise\PrivateTest_99454564.jpg
0.09321821,0.0039196564,0.22402208,0.04510588,0.069870345,0.15593556,0.4079282,surprise\PrivateTest_99502303.jpg
0.1508369,0.017314209,0.15668017,0.11938803,0.2018891,0.23408392,0.119807675,surprise\PrivateTest_99696795.jpg
0.11447291,0.009473424,0.1991374,0.09405303,0.1636271,0.24625258,0.17298359,surprise\PrivateTest_99709238.jpg
0.18186639,0.023203647,0.18991248,0.086678654,0.16510372,0.21499364,0.13824151,surprise\PrivateTest_99719047.jpg
0.15153363,0.004283058,0.19323221,0.06143157,0.171613,0.17483424,0.24307227,surprise\PublicTest_10709121.jpg
0.16015695,0.0196709,0.1121294,0.36412174,0.14144737,0.16213213,0.040341537,surprise\PublicTest_10754294.jpg
0.10414873,0.034228925,0.19435334,0.15525167,0.1289358,0.151531,0.2315506,surprise\PublicTest_10780425.jpg
0.19697626,0.022450585,0.17158087,0.115716614,0.17381111,0.2082979,0.11116671,surprise\PublicTest_10984020.jpg
0.11151376,0.006179956,0.07149662,0.5680544,0.106622495,0.11658641,0.019546377,surprise\PublicTest_11056779.jpg
0.14809594,0.038254596,0.14079307,0.15476823,0.1986765,0.21616425,0.103247344,surprise\PublicTest_11102676.jpg
0.052181777,0.0025148508,0.20385282,0.06582233,0.068115056,0.14051127,0.46700183,surprise\PublicTest_11715606.jpg
0.1341878,0.01843606,0.20178904,0.10329607,0.12450383,0.19613343,0.22165383,surprise\PublicTest_12186725.jpg
0.09578013,0.017105771,0.102012865,0.3254923,0.20490974,0.18633172,0.06836747,surprise\PublicTest_12795179.jpg
0.18332842,0.021337576,0.19521654,0.090093985,0.13971347,0.23418824,0.13612168,surprise\PublicTest_13719697.jpg
0.09824145,0.006910382,0.21698423,0.081103735,0.08330333,0.21983258,0.2936243,surprise\PublicTest_13722582.jpg
0.18999016,0.030212967,0.18129106,0.1089017,0.16141008,0.18729116,0.14090289,surprise\PublicTest_13861015.jpg
0.09594866,0.010248965,0.085434735,0.47786823,0.12899153,0.16399713,0.037510738,surprise\PublicTest_13980590.jpg
0.12258333,0.020460635,0.13228662,0.2303114,0.23542777,0.19210641,0.06682388,surprise\PublicTest_13980595.jpg
0.09079185,0.005754791,0.2228203,0.05010722,0.075129546,0.12775083,0.4276455,surprise\PublicTest_14015146.jpg
0.11105831,0.022161853,0.11350926,0.24090143,0.22972617,0.22982363,0.05281941,surprise\PublicTest_15205762.jpg
0.108243644,0.019763418,0.09575084,0.32641923,0.215634,0.19128786,0.042900983,surprise\PublicTest_15230404.jpg
0.14960192,0.022776442,0.17602563,0.10379672,0.14957461,0.22787328,0.17035133,surprise\PublicTest_15635080.jpg
0.13963838,0.022069842,0.17142045,0.12532116,0.16607694,0.23263495,0.14283827,surprise\PublicTest_15665048.jpg
0.12392781,0.006800446,0.19139361,0.040776186,0.1010871,0.13332129,0.40269357,surprise\PublicTest_15712657.jpg
0.10532248,0.012700538,0.21788561,0.09277555,0.10154297,0.18654384,0.283229,surprise\PublicTest_15739977.jpg
0.12200684,0.010853537,0.16518854,0.23381877,0.10782896,0.24981117,0.1104922,surprise\PublicTest_15746138.jpg
0.20853485,0.010809545,0.1728231,0.24495742,0.07017459,0.21580596,0.07689455,surprise\PublicTest_15760011.jpg
0.1282061,0.009061149,0.08223682,0.37934256,0.17403659,0.20548606,0.02163071,surprise\PublicTest_1597600.jpg
0.13539216,0.017034877,0.12229284,0.21802959,0.17078389,0.28249535,0.053971242,surprise\PublicTest_16022588.jpg
0.09883879,0.013377725,0.17849837,0.08715316,0.13604432,0.26665187,0.21943572,surprise\PublicTest_16568907.jpg
0.08855362,0.0032028805,0.082073644,0.5953441,0.076358415,0.11346394,0.041003447,surprise\PublicTest_16678610.jpg
0.14878167,0.014892136,0.11945726,0.3681857,0.11529466,0.18144874,0.051939894,surprise\PublicTest_17047937.jpg
0.16462801,0.03186571,0.14125438,0.15371034,0.23004809,0.20208181,0.076411664,surprise\PublicTest_1709990.jpg
0.14350341,0.019016284,0.21030517,0.14786911,0.112154625,0.18297435,0.184177,surprise\PublicTest_17155920.jpg
0.12252599,0.022023216,0.10662645,0.39246637,0.14628775,0.14915423,0.060916,surprise\PublicTest_17194400.jpg
0.13265878,0.033962682,0.11361018,0.24319632,0.22430705,0.19838855,0.053876366,surprise\PublicTest_17484027.jpg
0.12113255,0.0041566254,0.23171337,0.07099632,0.06697098,0.20964731,0.2953829,surprise\PublicTest_17512816.jpg
0.17186406,0.026540188,0.13747838,0.19999762,0.17403941,0.22551544,0.06456485,surprise\PublicTest_17677007.jpg
0.15324536,0.023892606,0.11417069,0.25667578,0.17336689,0.22447887,0.054169796,surprise\PublicTest_17681379.jpg
0.1346777,0.029854491,0.14879446,0.171718,0.15178323,0.2429982,0.120173916,surprise\PublicTest_17886908.jpg
0.10512669,0.014337009,0.17456399,0.10729967,0.15410246,0.20818788,0.23638229,surprise\PublicTest_17911043.jpg
0.058453474,0.0028607978,0.19251816,0.049992424,0.06757844,0.091273904,0.53732276,surprise\PublicTest_18135788.jpg
0.15213017,0.019579735,0.19623545,0.16336091,0.0931667,0.22872514,0.1468019,surprise\PublicTest_18285200.jpg
0.12673312,0.008487381,0.1782952,0.113774285,0.07692261,0.3408713,0.15491615,surprise\PublicTest_18350292.jpg
0.15981995,0.025459591,0.16674164,0.13106342,0.15756068,0.24324673,0.116108015,surprise\PublicTest_18422068.jpg
0.093774945,0.010195544,0.20098452,0.09566228,0.10025598,0.14904249,0.3500842,surprise\PublicTest_18808914.jpg
0.13164061,0.022794412,0.18759857,0.10698083,0.14223999,0.20786054,0.20088506,surprise\PublicTest_18884751.jpg
0.1279527,0.02132582,0.17347799,0.14243615,0.15191017,0.20959024,0.17330687,surprise\PublicTest_19276218.jpg
0.1067334,0.002300425,0.056518853,0.64187884,0.06557076,0.115196325,0.011801444,surprise\PublicTest_19373509.jpg
0.051862143,0.0018500192,0.2092262,0.05158613,0.0351755,0.10179081,0.5485092,surprise\PublicTest_19681601.jpg
0.075072326,0.0032345138,0.20127237,0.05715456,0.061877303,0.111373916,0.490015,surprise\PublicTest_19807053.jpg
0.06975582,0.002662755,0.2140929,0.04965519,0.05250306,0.13284594,0.47848436,surprise\PublicTest_20065771.jpg
0.14835377,0.009518472,0.093258634,0.30987647,0.1670594,0.24901989,0.02291329,surprise\PublicTest_20242544.jpg
0.06464381,0.0005632886,0.17761382,0.019653434,0.042832073,0.09228899,0.60240465,surprise\PublicTest_20248242.jpg
0.09015544,0.0052714273,0.07543896,0.43741593,0.14411724,0.22285451,0.024746468,surprise\PublicTest_20530760.jpg
0.1612214,0.033667658,0.16330913,0.1304801,0.18738858,0.21185258,0.11208062,surprise\PublicTest_20531357.jpg
0.11988441,0.0068857865,0.093242005,0.37026682,0.19326101,0.16930379,0.047156267,surprise\PublicTest_20677546.jpg
0.106436744,0.027763965,0.1646084,0.17614274,0.14693171,0.21082558,0.16729082,surprise\PublicTest_20980168.jpg
0.120858006,0.012859,0.15779042,0.14784561,0.171811,0.23541932,0.1534167,surprise\PublicTest_21140607.jpg
0.12348004,0.028451158,0.102100365,0.25463608,0.2445476,0.1982788,0.04850594,surprise\PublicTest_21575786.jpg
0.16187124,0.021254493,0.20146537,0.16738258,0.10657208,0.16269678,0.17875741,surprise\PublicTest_22194410.jpg
0.12179618,0.016118884,0.1937396,0.1584349,0.13715282,0.18213165,0.19062603,surprise\PublicTest_22228657.jpg
0.17936821,0.03695847,0.16162147,0.24006663,0.11874526,0.16708736,0.09615254,surprise\PublicTest_22313021.jpg
0.08436507,0.004195357,0.22600104,0.08806623,0.06631466,0.18532465,0.345733,surprise\PublicTest_22986053.jpg
0.2027463,0.03650106,0.1537225,0.2159573,0.14232674,0.19587474,0.052871395,surprise\PublicTest_23216863.jpg
0.07997146,0.0073467186,0.116684325,0.5221218,0.0813778,0.12163675,0.07086116,surprise\PublicTest_23583223.jpg
0.17723556,0.022920294,0.18847188,0.08013915,0.1513207,0.21305232,0.16686006,surprise\PublicTest_23695727.jpg
0.27154207,0.012552799,0.16592766,0.16969676,0.1386441,0.19505654,0.04658006,surprise\PublicTest_23987357.jpg
0.121495076,0.018513845,0.14207406,0.15532067,0.18788876,0.27833095,0.09637659,surprise\PublicTest_24011006.jpg
0.1245134,0.031844515,0.10512954,0.2467345,0.2445858,0.19882394,0.048368324,surprise\PublicTest_24449829.jpg
0.10645747,0.0128616765,0.21979101,0.08594234,0.08988749,0.16436255,0.32069746,surprise\PublicTest_24578078.jpg
0.17505777,0.015518885,0.18653595,0.102656156,0.14671803,0.22056952,0.15294376,surprise\PublicTest_24738517.jpg
0.2125243,0.014629052,0.16594324,0.1452598,0.12885265,0.2596828,0.07310824,surprise\PublicTest_25053327.jpg
0.113311715,0.022887606,0.12398312,0.26052272,0.1904137,0.20660701,0.082274064,surprise\PublicTest_25064886.jpg
0.1043493,0.017059226,0.18564662,0.12507212,0.11509283,0.1889403,0.26383963,surprise\PublicTest_25086092.jpg
0.10610181,0.007849702,0.20538889,0.09443558,0.094167106,0.18897691,0.30307993,surprise\PublicTest_2529039.jpg
0.13799031,0.035837162,0.14363167,0.1738133,0.19830641,0.20367472,0.10674643,surprise\PublicTest_25336581.jpg
0.10939861,0.027210116,0.12193013,0.28796485,0.17216823,0.1782185,0.10310957,surprise\PublicTest_25512952.jpg
0.14211114,0.029878065,0.17336625,0.105595596,0.16687365,0.22710067,0.15507469,surprise\PublicTest_2615422.jpg
0.10003857,0.016350506,0.15368922,0.22142583,0.13983871,0.24042778,0.12822938,surprise\PublicTest_26280063.jpg
0.15058544,0.011595672,0.19631985,0.16054256,0.08147833,0.24362372,0.15585436,surprise\PublicTest_2697877.jpg
0.14385405,0.05115479,0.14761028,0.1501646,0.19118355,0.21107095,0.10496181,surprise\PublicTest_27272456.jpg
0.13072947,0.024674976,0.11580518,0.24499199,0.2074396,0.21285228,0.063506596,surprise\PublicTest_27752387.jpg
0.07064034,0.0057646483,0.17718954,0.057383996,0.0939896,0.1042668,0.49076512,surprise\PublicTest_27916929.jpg
0.11049066,0.010737833,0.22252676,0.060584314,0.08920922,0.14722723,0.359224,surprise\PublicTest_28041929.jpg
0.11286183,0.01766515,0.14416336,0.1852892,0.17434633,0.26267245,0.103001684,surprise\PublicTest_28247750.jpg
0.13854134,0.020018715,0.2037633,0.13310288,0.07379614,0.21544504,0.21533258,surprise\PublicTest_28328252.jpg
0.11620776,0.009524828,0.19108376,0.10142412,0.09481328,0.21553051,0.27141577,surprise\PublicTest_28516575.jpg
0.2078366,0.0075361617,0.21847275,0.07397937,0.08634707,0.14072661,0.26510143,surprise\PublicTest_28786878.jpg
0.11552883,0.009103455,0.12584212,0.18127142,0.1929609,0.313821,0.06147226,surprise\PublicTest_29203341.jpg
0.21931174,0.006798568,0.105271816,0.2667349,0.1461797,0.24424292,0.011460299,surprise\PublicTest_29260214.jpg
0.10345507,0.008768368,0.2038309,0.1487718,0.09564807,0.14847721,0.29104853,surprise\PublicTest_29450477.jpg
0.11312901,0.010547323,0.20163544,0.09433411,0.10942662,0.18397182,0.28695565,surprise\PublicTest_29531738.jpg
0.12976192,0.01016265,0.067928456,0.39473307,0.22730175,0.15143877,0.018673386,surprise\PublicTest_29569925.jpg
0.13527545,0.0059059374,0.08437291,0.18037543,0.35221714,0.22135803,0.020495113,surprise\PublicTest_29832450.jpg
0.1506325,0.035104945,0.17681907,0.18037632,0.111542344,0.18627177,0.15925294,surprise\PublicTest_3012169.jpg
0.183261,0.023259938,0.14372252,0.19039425,0.14596872,0.25943702,0.05395659,surprise\PublicTest_30987122.jpg
0.14834222,0.02327976,0.1756004,0.10506243,0.15542036,0.2238941,0.16840072,surprise\PublicTest_31004145.jpg
0.14423972,0.012501973,0.20951198,0.09434147,0.085140385,0.23368268,0.22058177,surprise\PublicTest_31171869.jpg
0.18752635,0.011282098,0.18438815,0.058542196,0.21193315,0.19362564,0.15270242,surprise\PublicTest_31247292.jpg
0.16889977,0.00890067,0.1616808,0.22345717,0.09574912,0.27859008,0.06272237,surprise\PublicTest_31705635.jpg
0.15872371,0.017221859,0.13235606,0.2637383,0.1354388,0.24142191,0.051099423,surprise\PublicTest_32045.jpg
0.10715259,0.025760438,0.14336966,0.17827253,0.20553769,0.2291913,0.110715814,surprise\PublicTest_32055462.jpg
0.1462388,0.031854168,0.1498239,0.12155189,0.22468343,0.23563151,0.0902162,surprise\PublicTest_3206770.jpg
0.1667281,0.025356416,0.19649108,0.08371673,0.16151915,0.1955537,0.17063484,surprise\PublicTest_32575449.jpg
0.10477799,0.014684499,0.08716516,0.35852525,0.2115494,0.1813038,0.04199391,surprise\PublicTest_33947662.jpg
0.13369437,0.03200339,0.1562014,0.13437742,0.18780401,0.24006191,0.115857586,surprise\PublicTest_34028245.jpg
0.2931177,0.0036153274,0.13363536,0.29943863,0.076593965,0.17309318,0.02050587,surprise\PublicTest_34166920.jpg
0.10065778,0.010975548,0.18589002,0.12314724,0.16762008,0.21720243,0.19450691,surprise\PublicTest_34206950.jpg
0.14873122,0.018023826,0.15694107,0.12709507,0.16441901,0.26429874,0.12049103,surprise\PublicTest_34334611.jpg
0.10620612,0.013774939,0.10209598,0.3506573,0.1824111,0.20336972,0.041484896,surprise\PublicTest_34419863.jpg
0.13938206,0.02218025,0.17448461,0.11908371,0.14784053,0.23997642,0.15705247,surprise\PublicTest_34422385.jpg
0.1247549,0.014700991,0.11812504,0.21715553,0.18840416,0.29328364,0.043575756,surprise\PublicTest_34645495.jpg
0.11660438,0.010457192,0.10417563,0.23476739,0.17592806,0.31033212,0.047735225,surprise\PublicTest_34897889.jpg
0.14342411,0.026682733,0.14702596,0.16446072,0.19296136,0.24146019,0.083984934,surprise\PublicTest_34933787.jpg
0.13532163,0.008071962,0.20480512,0.08056275,0.1397515,0.24747042,0.18401663,surprise\PublicTest_34958178.jpg
0.13629498,0.012447285,0.22035427,0.09565584,0.09033273,0.18136929,0.26354554,surprise\PublicTest_34990545.jpg
0.14987974,0.0026837206,0.1012273,0.38177735,0.082602985,0.2522382,0.029590689,surprise\PublicTest_35042409.jpg
0.042441826,0.0010532198,0.17680864,0.03556124,0.03996174,0.073722176,0.63045114,surprise\PublicTest_35132840.jpg
0.09566934,0.02141474,0.15587203,0.25147915,0.14814875,0.1884029,0.13901304,surprise\PublicTest_35266346.jpg
0.12034759,0.0022860118,0.053302296,0.6455727,0.07362503,0.09193086,0.012935487,surprise\PublicTest_35290127.jpg
0.13800374,0.016617455,0.12074884,0.15225025,0.28639847,0.24056756,0.04541366,surprise\PublicTest_35396845.jpg
0.15236676,0.023373893,0.114148855,0.19685423,0.24512707,0.22434126,0.043787926,surprise\PublicTest_3560560.jpg
0.07409348,0.007986868,0.13408917,0.298662,0.14793879,0.22052872,0.11670098,surprise\PublicTest_35686529.jpg
0.1801805,0.027406571,0.11680625,0.26386634,0.1892127,0.18066873,0.041859042,surprise\PublicTest_35838312.jpg
0.084628165,0.010668556,0.15891993,0.37206852,0.09494981,0.13463017,0.14413482,surprise\PublicTest_358786.jpg
0.114132054,0.009389803,0.20605232,0.070541866,0.11203164,0.21325493,0.27459744,surprise\PublicTest_36015827.jpg
0.09004909,0.004181048,0.21147165,0.055227507,0.06335349,0.15615134,0.41956592,surprise\PublicTest_36465312.jpg
0.16152664,0.005760313,0.125561,0.28818724,0.10920935,0.27284783,0.03690766,surprise\PublicTest_36718809.jpg
0.09840554,0.008679122,0.19949687,0.11252833,0.105082735,0.1852532,0.29055426,surprise\PublicTest_36800464.jpg
0.13727602,0.022823168,0.13610229,0.181062,0.19117282,0.23521315,0.09635055,surprise\PublicTest_37073420.jpg
0.11547381,0.008198098,0.23187885,0.09903269,0.07586642,0.19852985,0.2710203,surprise\PublicTest_37360205.jpg
0.11255773,0.0109728305,0.22632955,0.06984234,0.099952675,0.16160369,0.31874114,surprise\PublicTest_37426588.jpg
0.0763709,0.009536238,0.11752834,0.38175362,0.13292104,0.1619849,0.11990494,surprise\PublicTest_38247925.jpg
0.11096795,0.01770547,0.17359075,0.12568286,0.1588938,0.24391961,0.16923954,surprise\PublicTest_3854174.jpg
0.14750169,0.023974335,0.13294642,0.14444762,0.2256668,0.26224107,0.063221976,surprise\PublicTest_38755783.jpg
0.15182438,0.038487684,0.177683,0.12027716,0.15939882,0.16781984,0.1845091,surprise\PublicTest_38966726.jpg
0.16560073,0.01116192,0.14415893,0.26930702,0.12259469,0.2384085,0.048768118,surprise\PublicTest_39373170.jpg
0.073379636,0.003218167,0.24481446,0.064282164,0.0513526,0.1605829,0.40237007,surprise\PublicTest_39678108.jpg
0.11789088,0.018784385,0.19111466,0.13046966,0.12356565,0.19114195,0.22703278,surprise\PublicTest_40148704.jpg
0.102992535,0.017190298,0.1449803,0.2831925,0.13713077,0.19964439,0.11486922,surprise\PublicTest_40189715.jpg
0.1493271,0.007864037,0.13954243,0.26927435,0.10823597,0.23828645,0.08746959,surprise\PublicTest_40207266.jpg
0.1764409,0.020074518,0.15361379,0.2052159,0.13673095,0.24113452,0.0667894,surprise\PublicTest_40528928.jpg
0.09932069,0.004702853,0.20200229,0.068667084,0.1014726,0.17029472,0.35353976,surprise\PublicTest_40559227.jpg
0.1613342,0.012232591,0.14635292,0.1690349,0.21910056,0.2147287,0.07721615,surprise\PublicTest_40967103.jpg
0.14496924,0.034071565,0.121937744,0.21372406,0.21435261,0.2051648,0.06577995,surprise\PublicTest_41439516.jpg
0.19582948,0.008937932,0.1991616,0.047552645,0.14256674,0.1715076,0.23444402,surprise\PublicTest_41696704.jpg
0.16462801,0.03186571,0.14125438,0.15371034,0.23004809,0.20208181,0.076411664,surprise\PublicTest_42347603.jpg
0.14612798,0.06492991,0.14580247,0.1590872,0.18665166,0.18337944,0.114021346,surprise\PublicTest_42463795.jpg
0.13051337,0.037884496,0.13289008,0.18961412,0.20155412,0.22019874,0.08734516,surprise\PublicTest_42473844.jpg
0.13217261,0.016890155,0.11110347,0.23509742,0.22501637,0.23701397,0.042706057,surprise\PublicTest_42746467.jpg
0.2013426,0.017198756,0.1493815,0.18955623,0.20713788,0.14841385,0.086969145,surprise\PublicTest_42864737.jpg
0.16374725,0.010358199,0.15456593,0.19496943,0.12206865,0.29804498,0.05624558,surprise\PublicTest_42872438.jpg
0.05339033,0.0018621538,0.20040642,0.06158009,0.084620915,0.15597662,0.44216344,surprise\PublicTest_42928793.jpg
0.13518146,0.03178474,0.12915194,0.1920791,0.20460293,0.2151484,0.09205141,surprise\PublicTest_43690380.jpg
0.21894144,0.017459394,0.17393821,0.15638079,0.12102491,0.24264033,0.06961492,surprise\PublicTest_43692311.jpg
0.10338981,0.0027228987,0.1771302,0.033080738,0.061517622,0.10419152,0.5179671,surprise\PublicTest_43801413.jpg
0.17007193,0.028608315,0.17464964,0.11773276,0.20392682,0.19066875,0.1143418,surprise\PublicTest_44179455.jpg
0.110399194,0.008381663,0.21274264,0.04772769,0.12502411,0.1681893,0.32753536,surprise\PublicTest_44603096.jpg
0.12006525,0.024570301,0.15622282,0.15378018,0.21020754,0.21882449,0.116329424,surprise\PublicTest_44720580.jpg
0.17991805,0.015023537,0.19973598,0.06108447,0.15137608,0.18349084,0.20937106,surprise\PublicTest_44774809.jpg
0.046266425,0.0016066504,0.21208459,0.037255075,0.04235688,0.09085376,0.5695766,surprise\PublicTest_4493968.jpg
0.052498385,0.0014594839,0.2141299,0.024060402,0.049580693,0.09887963,0.5593915,surprise\PublicTest_45066375.jpg
0.14752342,0.019398257,0.18260111,0.11345839,0.16524157,0.22074546,0.15103172,surprise\PublicTest_4506807.jpg
0.058500096,0.0020514163,0.13874339,0.06825835,0.07861561,0.079925284,0.5739059,surprise\PublicTest_45072574.jpg
0.09879039,0.013907964,0.13561746,0.2874995,0.15657948,0.2037838,0.10382145,surprise\PublicTest_45297572.jpg
0.09675872,0.009171506,0.18114993,0.08932257,0.10264828,0.15016739,0.37078163,surprise\PublicTest_45821911.jpg
0.08002803,0.006033918,0.21190324,0.0510763,0.08552521,0.16462246,0.40081084,surprise\PublicTest_46006432.jpg
0.13865083,0.016021593,0.14843012,0.19098675,0.16364567,0.24640587,0.09585923,surprise\PublicTest_46144482.jpg
0.1364704,0.013093462,0.09361888,0.2501282,0.24898812,0.23045066,0.027250336,surprise\PublicTest_4616983.jpg
0.115940996,0.014098611,0.2201325,0.08452457,0.12193939,0.18826294,0.25510108,surprise\PublicTest_46372964.jpg
0.1117778,0.012227909,0.20506456,0.07293314,0.14181077,0.1941342,0.26205155,surprise\PublicTest_4639501.jpg
0.15022412,0.036289927,0.14361194,0.20476688,0.16651484,0.20595229,0.09263999,surprise\PublicTest_46663858.jpg
0.1756704,0.02283719,0.11617295,0.34544113,0.13684253,0.16061771,0.04241812,surprise\PublicTest_46713098.jpg
0.13256209,0.0122658955,0.095434435,0.3602245,0.14799294,0.2122221,0.039298095,surprise\PublicTest_4690717.jpg
0.14719418,0.028356165,0.16694961,0.123920925,0.17023075,0.23826535,0.12508295,surprise\PublicTest_46929671.jpg
0.21370354,0.013784892,0.18774012,0.08133521,0.1613506,0.23395097,0.108134665,surprise\PublicTest_47060827.jpg
0.13637851,0.02367862,0.13088384,0.18258168,0.21171848,0.22691627,0.08784271,surprise\PublicTest_47471236.jpg
0.11123424,0.018893342,0.09735247,0.3921368,0.17123458,0.16043264,0.048715968,surprise\PublicTest_47534258.jpg
0.09149442,0.0065458394,0.1869378,0.20195839,0.08231808,0.22979763,0.20094788,surprise\PublicTest_47639345.jpg
0.20374133,0.020383324,0.18264836,0.10670878,0.17999011,0.19148092,0.1150472,surprise\PublicTest_4773003.jpg
0.039618626,0.00072504417,0.16156697,0.02329228,0.034035783,0.068262905,0.67249835,surprise\PublicTest_47859715.jpg
0.09346883,0.0010051478,0.043372806,0.4744579,0.116635986,0.26668927,0.004370125,surprise\PublicTest_47864767.jpg
0.11091016,0.015833791,0.21494621,0.13684823,0.1049881,0.19098175,0.2254918,surprise\PublicTest_47899862.jpg
0.11677092,0.017787704,0.09452086,0.39563087,0.16062842,0.16369553,0.050965674,surprise\PublicTest_47965694.jpg
0.13776925,0.005327567,0.11708909,0.13854067,0.21423417,0.3490417,0.03799752,surprise\PublicTest_4819015.jpg
0.13389364,0.016528064,0.20167717,0.06875606,0.16612536,0.19013573,0.22288398,surprise\PublicTest_48415985.jpg
0.15592879,0.007216169,0.20068742,0.055669382,0.11041415,0.19078709,0.2792971,surprise\PublicTest_48874576.jpg
0.15216374,0.0408973,0.15155785,0.16861708,0.18479699,0.20660998,0.09535701,surprise\PublicTest_48907173.jpg
0.1088825,0.02165193,0.1433946,0.18832599,0.16601698,0.25210077,0.1196272,surprise\PublicTest_48988865.jpg
0.12647095,0.023245806,0.16516289,0.18333608,0.19035414,0.1929534,0.11847673,surprise\PublicTest_48991844.jpg
0.14868505,0.026208324,0.11553998,0.23301482,0.20420186,0.22451255,0.04783744,surprise\PublicTest_49049109.jpg
0.15740795,0.025739856,0.16037129,0.19225168,0.123977035,0.25392428,0.086327836,surprise\PublicTest_49065038.jpg
0.11514034,0.01584237,0.2170896,0.082218945,0.1244969,0.16275086,0.28246096,surprise\PublicTest_49089142.jpg
0.10364317,0.007900699,0.1877547,0.09383599,0.12431789,0.20438848,0.278159,surprise\PublicTest_4915092.jpg
0.09650134,0.00459169,0.22862379,0.06994668,0.06433773,0.17430896,0.36168984,surprise\PublicTest_49739228.jpg
0.073147096,0.0018668057,0.2366506,0.033610504,0.04854183,0.15755439,0.44862878,surprise\PublicTest_49826465.jpg
0.16976261,0.014967238,0.195829,0.19193521,0.084155895,0.20373665,0.13961339,surprise\PublicTest_5010883.jpg
0.08061089,0.017508475,0.09030622,0.45902175,0.15629204,0.12632333,0.069937184,surprise\PublicTest_50429957.jpg
0.13947548,0.0075643826,0.12213099,0.1586238,0.18083921,0.3556905,0.03567562,surprise\PublicTest_50922918.jpg
0.09567286,0.0041672727,0.23769876,0.054549843,0.07495228,0.17179663,0.36116233,surprise\PublicTest_51072428.jpg
0.12275358,0.029693443,0.10257239,0.25985464,0.24429242,0.19004782,0.05078572,surprise\PublicTest_5114163.jpg
0.19096088,0.009592336,0.16697185,0.18915059,0.07196677,0.28433242,0.08702528,surprise\PublicTest_51257619.jpg
0.1352415,0.012448822,0.19454348,0.069679044,0.14268379,0.21091722,0.23448615,surprise\PublicTest_51366800.jpg
0.09540918,0.0062706396,0.21192038,0.06072193,0.15499263,0.19036835,0.2803169,surprise\PublicTest_51456832.jpg
0.16096988,0.03567692,0.13751277,0.18888704,0.21562651,0.18844773,0.07287915,surprise\PublicTest_51555877.jpg
0.13250914,0.011044941,0.21004045,0.061948575,0.10991598,0.20140643,0.27313444,surprise\PublicTest_51597356.jpg
0.14391828,0.041423257,0.1561281,0.122073546,0.20152181,0.21860954,0.116325416,surprise\PublicTest_5167971.jpg
0.16633765,0.013751066,0.16639617,0.23695742,0.099111386,0.17014793,0.14729838,surprise\PublicTest_51861198.jpg
0.1718972,0.017076869,0.1215678,0.30465406,0.13573276,0.19838895,0.05068235,surprise\PublicTest_52307515.jpg
0.12430462,0.009147601,0.22018354,0.10178656,0.07129994,0.23273076,0.24054703,surprise\PublicTest_52359086.jpg
0.16552399,0.030371668,0.18114595,0.11984208,0.12553206,0.22540925,0.15217501,surprise\PublicTest_52473093.jpg
0.13889715,0.016530054,0.19798169,0.10042514,0.11318207,0.22380194,0.20918196,surprise\PublicTest_52633253.jpg
0.15004055,0.030246386,0.18630876,0.15099573,0.0997508,0.2075547,0.17510305,surprise\PublicTest_53292967.jpg
0.15766174,0.008543464,0.16517441,0.32481173,0.06744447,0.1858695,0.09049471,surprise\PublicTest_53324760.jpg
0.10132421,0.013499418,0.1936207,0.13084053,0.12412102,0.20482688,0.23176728,surprise\PublicTest_5351857.jpg
0.06893677,0.008725175,0.14132829,0.25473225,0.20406872,0.17613639,0.14607243,surprise\PublicTest_53542593.jpg
0.12106811,0.015874464,0.14625618,0.21246415,0.19389331,0.21782355,0.09262027,surprise\PublicTest_53655471.jpg
0.14134286,0.009916715,0.11148145,0.2723757,0.18372908,0.24564685,0.035507347,surprise\PublicTest_53795000.jpg
0.11359681,0.006479733,0.17732471,0.18215312,0.081990786,0.29855433,0.13990052,surprise\PublicTest_53992987.jpg
0.11659049,0.022131504,0.10147677,0.28611624,0.23883343,0.18643008,0.04842147,surprise\PublicTest_54005456.jpg
0.1122621,0.021644097,0.10566241,0.37138575,0.15947029,0.17652436,0.05305102,surprise\PublicTest_54301394.jpg
0.11680434,0.030255416,0.113242626,0.23103425,0.2296847,0.20855145,0.07042723,surprise\PublicTest_54464589.jpg
0.078609526,0.0046631345,0.20305823,0.0531613,0.10144237,0.14362991,0.41543558,surprise\PublicTest_55075980.jpg
0.095284976,0.008217307,0.22552118,0.053988103,0.07369009,0.1245369,0.41876146,surprise\PublicTest_55106444.jpg
0.14486364,0.03153687,0.14734155,0.20684034,0.17281237,0.21957316,0.07703205,surprise\PublicTest_5539787.jpg
0.13218401,0.023128694,0.15777564,0.27580392,0.1153877,0.18226798,0.11345212,surprise\PublicTest_55404404.jpg
0.15750234,0.03547073,0.17760019,0.12086409,0.17117265,0.18815212,0.14923789,surprise\PublicTest_56072208.jpg
0.14925854,0.031870626,0.14247704,0.16376404,0.17670698,0.2463544,0.08956837,surprise\PublicTest_56421136.jpg
0.1643726,0.007260449,0.21871805,0.07688721,0.09148021,0.20891325,0.23236828,surprise\PublicTest_57162802.jpg
0.19158384,0.01785505,0.14639406,0.175759,0.14230053,0.26969078,0.056416783,surprise\PublicTest_57199212.jpg
0.15791732,0.032558482,0.14312214,0.17237361,0.17478928,0.25516462,0.06407454,surprise\PublicTest_57570036.jpg
0.14175722,0.01983351,0.18702722,0.15304817,0.13084193,0.24504364,0.1224483,surprise\PublicTest_58597177.jpg
0.10512669,0.014337009,0.17456399,0.10729967,0.15410246,0.20818788,0.23638229,surprise\PublicTest_58891167.jpg
0.16216467,0.023886545,0.1306399,0.24758106,0.14523856,0.22674781,0.06374152,surprise\PublicTest_58944156.jpg
0.121336564,0.027621059,0.20267895,0.1306781,0.1272612,0.18265873,0.20776545,surprise\PublicTest_5897498.jpg
0.14841379,0.018854028,0.19089842,0.113889374,0.1083504,0.22906657,0.19052733,surprise\PublicTest_5899302.jpg
0.19325052,0.028368814,0.16617092,0.17328401,0.114642814,0.23801818,0.08626471,surprise\PublicTest_5954279.jpg
0.093019195,0.009692517,0.1245688,0.315052,0.17417021,0.20283146,0.080665834,surprise\PublicTest_59661554.jpg
0.11877212,0.016761644,0.21070048,0.16222335,0.08569718,0.19941239,0.2064329,surprise\PublicTest_59751984.jpg
0.12438629,0.026257087,0.16233204,0.13665381,0.16334724,0.24396771,0.14305586,surprise\PublicTest_60031524.jpg
0.14569369,0.033995852,0.1630172,0.12214439,0.19723526,0.22213271,0.11578092,surprise\PublicTest_6010264.jpg
0.075807706,0.006890169,0.22223637,0.06100504,0.07559781,0.12844682,0.4300161,surprise\PublicTest_60383922.jpg
0.13095511,0.017920095,0.16094202,0.16842178,0.122554176,0.27572176,0.123485096,surprise\PublicTest_60435558.jpg
0.12446699,0.0071417284,0.20324308,0.0787376,0.14359139,0.23050302,0.21231617,surprise\PublicTest_60450589.jpg
0.1297768,0.015863778,0.14110407,0.36438963,0.09754675,0.15752405,0.09379491,surprise\PublicTest_60718510.jpg
0.06393344,0.001553524,0.20082586,0.035085578,0.040125795,0.08375676,0.574719,surprise\PublicTest_60948590.jpg
0.04045243,0.00038447947,0.11214457,0.012627226,0.027268678,0.039131727,0.7679909,surprise\PublicTest_61057825.jpg
0.11858098,0.014115592,0.2025344,0.07649045,0.124379806,0.17161766,0.29228103,surprise\PublicTest_61453734.jpg
0.09381409,0.007585203,0.21948807,0.062352993,0.09595483,0.1790117,0.34179312,surprise\PublicTest_61597434.jpg
0.19009617,0.017619653,0.1758963,0.14339675,0.11309015,0.25457203,0.10532906,surprise\PublicTest_61619813.jpg
0.16504215,0.009495206,0.12664653,0.22910698,0.20181604,0.22825563,0.039637446,surprise\PublicTest_61779535.jpg
0.10917813,0.015503739,0.2075018,0.08161682,0.11696783,0.15585047,0.3133812,surprise\PublicTest_62072018.jpg
0.100939244,0.015359469,0.07788016,0.38958198,0.2354021,0.14742418,0.033412818,surprise\PublicTest_62145473.jpg
0.13001154,0.026315833,0.18616927,0.12056378,0.13250645,0.18723927,0.21719386,surprise\PublicTest_62174534.jpg
0.15590979,0.006946126,0.17378382,0.16406956,0.09890606,0.3318644,0.068520255,surprise\PublicTest_62222978.jpg
0.15450951,0.012863767,0.21029627,0.09114772,0.1225789,0.19138205,0.21722178,surprise\PublicTest_62398284.jpg
0.123490326,0.021826321,0.12644628,0.2840248,0.16008705,0.20654933,0.07757585,surprise\PublicTest_62963706.jpg
0.1076123,0.014875411,0.15407677,0.1325893,0.22014377,0.26847324,0.10222923,surprise\PublicTest_63069551.jpg
0.16137047,0.016907064,0.1898404,0.0831296,0.14681412,0.20060757,0.20133078,surprise\PublicTest_63105509.jpg
0.13181555,0.022876522,0.14379638,0.15785284,0.19376865,0.24342538,0.10646473,surprise\PublicTest_63291719.jpg
0.1299441,0.0034148989,0.11950143,0.19142866,0.17578924,0.35474572,0.025176039,surprise\PublicTest_63467129.jpg
0.10609294,0.012230781,0.21937747,0.07459562,0.12125358,0.17894596,0.28750357,surprise\PublicTest_64107181.jpg
0.19238521,0.030230526,0.16948673,0.15932651,0.16924645,0.18500507,0.09431952,surprise\PublicTest_64474053.jpg
0.12193147,0.01170187,0.18492939,0.074288175,0.122110486,0.17762388,0.30741477,surprise\PublicTest_64479147.jpg
0.09079185,0.005754791,0.2228203,0.05010722,0.075129546,0.12775083,0.4276455,surprise\PublicTest_64532931.jpg
0.15971115,0.028598705,0.17214735,0.16458933,0.10625211,0.245043,0.123658285,surprise\PublicTest_64619420.jpg
0.014929633,0.00016302278,0.010503802,0.94040614,0.016922686,0.013764549,0.0033102215,surprise\PublicTest_64657369.jpg
0.16368055,0.010305408,0.15542358,0.19549358,0.12212955,0.29769424,0.055273153,surprise\PublicTest_64740817.jpg
0.17740472,0.026335659,0.12499397,0.1906548,0.19146915,0.24241194,0.04672972,surprise\PublicTest_65209346.jpg
0.14755453,0.013151073,0.15548465,0.13266963,0.21807495,0.23312412,0.09994113,surprise\PublicTest_65640293.jpg
0.14838694,0.033696745,0.15618177,0.1552861,0.17901176,0.22442794,0.10300874,surprise\PublicTest_65722213.jpg
0.09642625,0.0144148115,0.18661897,0.24232502,0.08499696,0.16667613,0.20854187,surprise\PublicTest_65996903.jpg
0.15455957,0.025338985,0.19350085,0.11924701,0.106763534,0.21522875,0.1853613,surprise\PublicTest_66000374.jpg
0.055418856,0.002480609,0.22381133,0.055993225,0.052413378,0.11050487,0.49937773,surprise\PublicTest_66012598.jpg
0.15286843,0.028682102,0.11773153,0.25142682,0.19146274,0.20644078,0.051387582,surprise\PublicTest_66065964.jpg
0.13452064,0.03378047,0.1272339,0.19783829,0.19451854,0.22436832,0.08773989,surprise\PublicTest_66095589.jpg
0.12638208,0.015803527,0.12128242,0.25340468,0.2071879,0.20930602,0.066633366,surprise\PublicTest_66101683.jpg
0.15519804,0.01268126,0.11973478,0.28070566,0.13082974,0.25833508,0.042515405,surprise\PublicTest_66116810.jpg
0.13166986,0.037661858,0.18357648,0.11331796,0.1641813,0.1909087,0.17868382,surprise\PublicTest_66326152.jpg
0.16458952,0.011589998,0.21727689,0.11902339,0.08322615,0.22356825,0.18072574,surprise\PublicTest_66344275.jpg
0.13666447,0.0064258114,0.079676785,0.4746796,0.1225663,0.1555545,0.024432562,surprise\PublicTest_66424456.jpg
0.097021714,0.0053200517,0.23634292,0.0515977,0.06920336,0.13851295,0.40200123,surprise\PublicTest_66691033.jpg
0.17440595,0.011379173,0.19214627,0.054209124,0.1428316,0.16360927,0.26141864,surprise\PublicTest_66742943.jpg
0.092218846,0.0090323975,0.21797101,0.090922974,0.0781535,0.17422383,0.33747745,surprise\PublicTest_67014114.jpg
0.15377952,0.01556776,0.1472225,0.104892075,0.2759327,0.22082587,0.08177958,surprise\PublicTest_67290585.jpg
0.15170471,0.026250333,0.16886584,0.12787901,0.13908651,0.26104763,0.12516598,surprise\PublicTest_67327289.jpg
0.1023342,0.008963613,0.20407067,0.065563194,0.12495898,0.15709302,0.33701628,surprise\PublicTest_67417043.jpg
0.13182434,0.005112851,0.14315955,0.45749924,0.053435877,0.13988188,0.06908626,surprise\PublicTest_67565857.jpg
0.15663663,0.039731875,0.13443804,0.18429765,0.17232502,0.23015782,0.08241296,surprise\PublicTest_67579465.jpg
0.089331456,0.016569858,0.09114836,0.29449353,0.25564724,0.19735901,0.05545052,surprise\PublicTest_6806257.jpg
0.1396029,0.0156139545,0.11171216,0.29995838,0.17556244,0.21777517,0.039775126,surprise\PublicTest_68102403.jpg
0.16867399,0.021186413,0.11604716,0.28782713,0.18056862,0.17620829,0.049488377,surprise\PublicTest_68219184.jpg
0.1217886,0.02533333,0.10198825,0.42731065,0.14228812,0.12257649,0.058714602,surprise\PublicTest_68423633.jpg
0.114982925,0.014132021,0.11949949,0.25932068,0.18689124,0.24072887,0.06444475,surprise\PublicTest_68799766.jpg
0.09657553,0.0069862125,0.21582656,0.11235918,0.080445156,0.1523879,0.33541945,surprise\PublicTest_69137863.jpg
0.16932185,0.007753575,0.12094186,0.29726943,0.12592673,0.24526814,0.033518396,surprise\PublicTest_69457341.jpg
0.21620482,0.015786422,0.1904112,0.1246501,0.1155746,0.22857511,0.108797684,surprise\PublicTest_69922592.jpg
0.14358996,0.022285549,0.17888308,0.18102789,0.11796202,0.21273838,0.14351313,surprise\PublicTest_7058239.jpg
0.1299523,0.017911464,0.16465554,0.16410932,0.17947657,0.23174655,0.11214822,surprise\PublicTest_70605143.jpg
0.11654454,0.00893774,0.0754948,0.47190818,0.14528976,0.15858474,0.023240183,surprise\PublicTest_70904962.jpg
0.16298096,0.010555539,0.10926868,0.24749905,0.1559545,0.2830858,0.03065551,surprise\PublicTest_71124930.jpg
0.09562386,0.0047792024,0.21380939,0.059313837,0.073791154,0.14679118,0.40589142,surprise\PublicTest_71260578.jpg
0.14409111,0.019971464,0.14561231,0.21871237,0.1803093,0.19236675,0.09893673,surprise\PublicTest_71265996.jpg
0.13493478,0.026248831,0.17426781,0.17413685,0.15391539,0.23805942,0.09843696,surprise\PublicTest_71485256.jpg
0.16294211,0.024938187,0.16270103,0.15831697,0.11804445,0.24740437,0.12565292,surprise\PublicTest_71616306.jpg
0.1791909,0.020959107,0.1571728,0.20856024,0.12955357,0.22661863,0.077944785,surprise\PublicTest_72026283.jpg
0.15921143,0.024523877,0.11889728,0.27221277,0.15592445,0.20475487,0.06447528,surprise\PublicTest_72207843.jpg
0.07403591,0.0022465684,0.20206584,0.027059661,0.051775493,0.1069566,0.5358599,surprise\PublicTest_72725289.jpg
0.09501484,0.0040128217,0.21983978,0.03836834,0.07025435,0.13961178,0.43289813,surprise\PublicTest_72989993.jpg
0.17840794,0.027603695,0.15106973,0.14804979,0.1829425,0.23224579,0.07968062,surprise\PublicTest_73221398.jpg
0.15297858,0.008940512,0.18169652,0.1328881,0.07117698,0.28892258,0.16339667,surprise\PublicTest_73584259.jpg
0.104607016,0.016577646,0.20553192,0.091071256,0.13470572,0.19834782,0.2491587,surprise\PublicTest_73588122.jpg
0.16155425,0.042040367,0.15720516,0.19960637,0.15441088,0.19198191,0.09320098,surprise\PublicTest_73869541.jpg
0.10962749,0.016917719,0.18891326,0.113820046,0.16635075,0.1976372,0.20673344,surprise\PublicTest_73985173.jpg
0.09932069,0.004702853,0.20200229,0.068667084,0.1014726,0.17029472,0.35353976,surprise\PublicTest_742095.jpg
0.115836985,0.008467689,0.21089369,0.089490905,0.09461525,0.23246439,0.24823102,surprise\PublicTest_7431524.jpg
0.11179441,0.022069039,0.109816015,0.2286441,0.24021837,0.23569909,0.051758964,surprise\PublicTest_74706022.jpg
0.14405876,0.048405077,0.13080463,0.19734818,0.20685588,0.19703214,0.075495355,surprise\PublicTest_75062.jpg
0.13328238,0.018389016,0.17523171,0.13279743,0.13150032,0.24206106,0.16673806,surprise\PublicTest_75437950.jpg
0.09872859,0.01174333,0.22589415,0.11513291,0.08242161,0.17697617,0.2891032,surprise\PublicTest_75474602.jpg
0.08166249,0.006278473,0.23923163,0.099217944,0.059722368,0.13850525,0.37538183,surprise\PublicTest_7556977.jpg
0.1605901,0.010747371,0.1561736,0.17613217,0.14932755,0.25999895,0.08703025,surprise\PublicTest_7569276.jpg
0.16193111,0.02430503,0.17980538,0.14623637,0.12077711,0.2276904,0.13925463,surprise\PublicTest_75752209.jpg
0.11798198,0.009842472,0.08072256,0.23469873,0.2978779,0.23663579,0.022240557,surprise\PublicTest_76349096.jpg
0.1371906,0.026966535,0.15071319,0.13827151,0.20781177,0.24081966,0.09822668,surprise\PublicTest_76841432.jpg
0.16749197,0.014440714,0.11180514,0.26036236,0.15124388,0.26231366,0.032342296,surprise\PublicTest_76871463.jpg
0.13582426,0.029426606,0.14557414,0.15917127,0.18191136,0.2716434,0.07644899,surprise\PublicTest_77128723.jpg
0.15207076,0.014755831,0.14444283,0.20393969,0.18153274,0.22460729,0.07865093,surprise\PublicTest_77274972.jpg
0.07381898,0.0071696076,0.18664458,0.08625015,0.14238499,0.15250485,0.3512269,surprise\PublicTest_77409138.jpg
0.14809816,0.036353417,0.17643303,0.20008628,0.11558776,0.1717145,0.1517269,surprise\PublicTest_77507848.jpg
0.13494357,0.0113060335,0.22465089,0.077010795,0.08113063,0.19092415,0.28003398,surprise\PublicTest_77715773.jpg
0.17829767,0.01604405,0.17713246,0.20665547,0.10904816,0.20758165,0.1052406,surprise\PublicTest_77783263.jpg
0.096683115,0.01508683,0.08618277,0.48726165,0.14176296,0.12845208,0.044570573,surprise\PublicTest_78017321.jpg
0.15361021,0.026903054,0.13457547,0.17832756,0.15526763,0.27154467,0.07977135,surprise\PublicTest_78180569.jpg
0.11789088,0.018784385,0.19111466,0.13046966,0.12356565,0.19114195,0.22703278,surprise\PublicTest_78248169.jpg
0.11375803,0.01608183,0.13887349,0.18192437,0.18287218,0.26816642,0.098323695,surprise\PublicTest_7850751.jpg
0.14875823,0.012948768,0.1087208,0.26192003,0.17383718,0.25939932,0.03441571,surprise\PublicTest_78581325.jpg
0.1306306,0.021184482,0.17583323,0.20147008,0.14367571,0.15492351,0.17228232,surprise\PublicTest_78591767.jpg
0.094443806,0.007936253,0.20658544,0.08729976,0.09955831,0.20669648,0.29748,surprise\PublicTest_78686873.jpg
0.12651604,0.023459999,0.15808624,0.14597848,0.18121944,0.21767949,0.14706023,surprise\PublicTest_78751461.jpg
0.17230421,0.027229063,0.1689759,0.13776729,0.12214043,0.25975218,0.11183102,surprise\PublicTest_78809741.jpg
0.08895322,0.004552331,0.21983328,0.0731035,0.058796585,0.13226445,0.42249653,surprise\PublicTest_79676384.jpg
0.14026016,0.028094992,0.1470843,0.1674547,0.16006435,0.25510594,0.10193561,surprise\PublicTest_79983459.jpg
0.0874975,0.006632052,0.21647312,0.059958443,0.10528728,0.1686798,0.3554718,surprise\PublicTest_80135522.jpg
0.07140183,0.004427735,0.18112652,0.0726516,0.11444481,0.1505404,0.40540707,surprise\PublicTest_80352203.jpg
0.07578026,0.00417345,0.06696337,0.54982686,0.14608133,0.12938228,0.027792512,surprise\PublicTest_81098275.jpg
0.10731836,0.005549018,0.22584961,0.052654028,0.07751769,0.19851688,0.33259436,surprise\PublicTest_81424820.jpg
0.12179618,0.016118884,0.1937396,0.1584349,0.13715282,0.18213165,0.19062603,surprise\PublicTest_81489797.jpg
0.10533841,0.025109293,0.15669838,0.14201196,0.17915368,0.25123617,0.14045207,surprise\PublicTest_8153825.jpg
0.11447291,0.009473424,0.1991374,0.09405303,0.1636271,0.24625258,0.17298359,surprise\PublicTest_81923456.jpg
0.18843913,0.03079896,0.15953116,0.14988555,0.16345087,0.21800706,0.089887284,surprise\PublicTest_82282745.jpg
0.09381409,0.007585203,0.21948807,0.062352993,0.09595483,0.1790117,0.34179312,surprise\PublicTest_82970188.jpg
0.08158131,0.0084277615,0.14119838,0.27208143,0.14361586,0.23834918,0.11474612,surprise\PublicTest_83217196.jpg
0.13746077,0.043337867,0.15116018,0.16736805,0.17880496,0.21914922,0.102719,surprise\PublicTest_83231837.jpg
0.14502017,0.009359256,0.14979537,0.3805714,0.07895548,0.15993401,0.07636431,surprise\PublicTest_83394959.jpg
0.13788538,0.02411367,0.13397393,0.19264044,0.17824873,0.2693235,0.063814305,surprise\PublicTest_83487267.jpg
0.14670724,0.03902726,0.14871944,0.19397278,0.14717808,0.21010958,0.11428564,surprise\PublicTest_83674814.jpg
0.07335967,0.009657553,0.103099965,0.44872218,0.16527075,0.12754421,0.07234576,surprise\PublicTest_83710885.jpg
0.110780604,0.024875272,0.17843026,0.1601838,0.13982,0.22036989,0.16554022,surprise\PublicTest_83997303.jpg
0.12976192,0.01016265,0.067928456,0.39473307,0.22730175,0.15143877,0.018673386,surprise\PublicTest_84091760.jpg
0.14403477,0.031053964,0.13633469,0.1984754,0.18122469,0.21867545,0.09020098,surprise\PublicTest_84428313.jpg
0.15501271,0.011387298,0.15315664,0.18984939,0.109400235,0.31326512,0.06792867,surprise\PublicTest_84568132.jpg
0.14446631,0.022307677,0.13145263,0.18621384,0.17238206,0.2832789,0.059898574,surprise\PublicTest_84844703.jpg
0.10890649,0.028077964,0.1695781,0.13984612,0.18081647,0.20315392,0.16962099,surprise\PublicTest_84961143.jpg
0.14403477,0.031053964,0.13633469,0.1984754,0.18122469,0.21867545,0.09020098,surprise\PublicTest_85107326.jpg
0.085827574,0.015422486,0.1322003,0.38671112,0.12527272,0.13599499,0.11857078,surprise\PublicTest_85263892.jpg
0.13176128,0.017736977,0.1914939,0.09680757,0.10542729,0.2221469,0.23462611,surprise\PublicTest_85704124.jpg
0.123555996,0.025658347,0.14756712,0.2206106,0.16225882,0.21938184,0.1009672,surprise\PublicTest_8587491.jpg
0.1117513,0.019858355,0.13785252,0.16979672,0.21525376,0.26618373,0.07930359,surprise\PublicTest_85943952.jpg
0.11953514,0.013550499,0.1401536,0.14255731,0.23934269,0.2718479,0.07301277,surprise\PublicTest_8610610.jpg
0.10672674,0.0073014293,0.2505729,0.08708094,0.077144675,0.1671588,0.30401453,surprise\PublicTest_86687578.jpg
0.066413805,0.0024186163,0.1969772,0.037686456,0.055111922,0.09711768,0.5442744,surprise\PublicTest_86810004.jpg
0.083507575,0.006957082,0.22122364,0.08227597,0.068798035,0.14440364,0.39283404,surprise\PublicTest_86877135.jpg
0.15394029,0.050003987,0.15535358,0.12767604,0.20408879,0.19757259,0.11136465,surprise\PublicTest_87012441.jpg
0.16491489,0.030998973,0.13803028,0.17495641,0.18993556,0.23686624,0.06429762,surprise\PublicTest_87959338.jpg
0.092411935,0.00843393,0.10912169,0.3101703,0.18644907,0.22566622,0.0677468,surprise\PublicTest_88046230.jpg
0.15307379,0.018801877,0.17819732,0.14426027,0.15420945,0.22672203,0.12473539,surprise\PublicTest_88565861.jpg
0.07373885,0.009068064,0.21637805,0.22332288,0.07590442,0.10283363,0.29875413,surprise\PublicTest_88902041.jpg
0.11716713,0.017064175,0.12867686,0.2757622,0.16970725,0.22749579,0.064126536,surprise\PublicTest_89880334.jpg
0.10954668,0.0110524325,0.15203604,0.15996017,0.17065263,0.28558418,0.111167856,surprise\PublicTest_89906957.jpg
0.12025481,0.020617593,0.21415555,0.11156016,0.1216537,0.17958945,0.23216881,surprise\PublicTest_90324585.jpg
0.11687382,0.021227812,0.16269973,0.14564423,0.16423787,0.24861759,0.14069887,surprise\PublicTest_91117138.jpg
0.116696075,0.017348964,0.20633964,0.091693856,0.10540497,0.13222796,0.3302885,surprise\PublicTest_91187876.jpg
0.15156615,0.038421437,0.16143343,0.20114975,0.12971778,0.19762407,0.12008739,surprise\PublicTest_91780905.jpg
0.19280727,0.019877743,0.17305174,0.0842013,0.14886583,0.2353114,0.14588466,surprise\PublicTest_91929864.jpg
0.15520799,0.014177647,0.17074643,0.09123193,0.1659296,0.23184232,0.17086406,surprise\PublicTest_92163287.jpg
0.16117544,0.035262417,0.14051883,0.23566116,0.13994278,0.19956377,0.08787558,surprise\PublicTest_92242142.jpg
0.09384474,0.01732695,0.2021174,0.17058654,0.101626515,0.16223994,0.25225788,surprise\PublicTest_92484279.jpg
0.1402157,0.018748587,0.1826983,0.10125516,0.16811979,0.23544385,0.15351865,surprise\PublicTest_93462303.jpg
0.15668473,0.015657265,0.17970459,0.25324386,0.089528695,0.18250519,0.12267565,surprise\PublicTest_93480805.jpg
0.17101729,0.014593415,0.20413406,0.118032865,0.08940688,0.20522271,0.19759285,surprise\PublicTest_93768797.jpg
0.10364317,0.007900699,0.1877547,0.09383599,0.12431789,0.20438848,0.278159,surprise\PublicTest_93901885.jpg
0.19363657,0.02112013,0.14964613,0.11898826,0.20404665,0.25338548,0.059176788,surprise\PublicTest_94263273.jpg
0.2063134,0.020594625,0.1534799,0.1838049,0.18203352,0.1957179,0.05805576,surprise\PublicTest_94285787.jpg
0.11370855,0.014430335,0.10633602,0.5151891,0.08260932,0.108935304,0.058791373,surprise\PublicTest_94398836.jpg
0.16085358,0.018430877,0.14744826,0.17820048,0.1417023,0.2910869,0.062277593,surprise\PublicTest_94585791.jpg
0.14296468,0.017762106,0.11100018,0.28146133,0.23328388,0.17273687,0.040790867,surprise\PublicTest_94624784.jpg
0.14687352,0.0129838865,0.0967005,0.33165652,0.16102214,0.22181743,0.028946001,surprise\PublicTest_94628526.jpg
0.13414352,0.022036625,0.12508039,0.18231174,0.24402173,0.23549883,0.056907106,surprise\PublicTest_94819790.jpg
0.09171738,0.014149004,0.21639085,0.1426242,0.08887385,0.17797461,0.26827016,surprise\PublicTest_94828377.jpg
0.115836985,0.008467689,0.21089369,0.089490905,0.09461525,0.23246439,0.24823102,surprise\PublicTest_95365921.jpg
0.10984979,0.018121758,0.1804584,0.10809606,0.17164382,0.21112101,0.20070921,surprise\PublicTest_95585614.jpg
0.101717874,0.010942543,0.19976197,0.1258852,0.11147464,0.2053294,0.24488837,surprise\PublicTest_96283626.jpg
0.078609526,0.0046631345,0.20305823,0.0531613,0.10144237,0.14362991,0.41543558,surprise\PublicTest_96538817.jpg
0.16912977,0.018325299,0.20485488,0.082506575,0.10554812,0.20138937,0.21824591,surprise\PublicTest_96673755.jpg
0.103678726,0.014903301,0.21188657,0.10472175,0.090642266,0.17420575,0.29996172,surprise\PublicTest_96829183.jpg
0.10516148,0.009386306,0.104308166,0.21956415,0.23033392,0.28362685,0.04761912,surprise\PublicTest_97271462.jpg
0.16064264,0.025965048,0.15818554,0.13834952,0.14881016,0.26002058,0.108026594,surprise\PublicTest_97409597.jpg
0.13708021,0.023389986,0.1187436,0.17368987,0.26849622,0.22435033,0.054249793,surprise\PublicTest_97429032.jpg
0.12315924,0.011624609,0.21450464,0.0544049,0.09091633,0.16005236,0.345338,surprise\PublicTest_97536839.jpg
0.100023836,0.003619888,0.22153553,0.048068944,0.070799455,0.21594192,0.3400105,surprise\PublicTest_97902387.jpg
0.08716291,0.0041747196,0.21830288,0.05374388,0.089475535,0.17034471,0.37679535,surprise\PublicTest_97957698.jpg
0.17487626,0.037357002,0.12111305,0.30907005,0.15947196,0.14581802,0.05229368,surprise\PublicTest_97995446.jpg
0.14884834,0.028377539,0.13805825,0.22962621,0.16354997,0.22314213,0.06839759,surprise\PublicTest_98089595.jpg
0.15829669,0.02242039,0.15623847,0.12383847,0.22515891,0.20636559,0.10768149,surprise\PublicTest_98567249.jpg
0.11493281,0.023776747,0.09967508,0.27083838,0.2292806,0.20896757,0.052528806,surprise\PublicTest_98972870.jpg
0.17107911,0.04895385,0.15603346,0.17256518,0.13602234,0.20852871,0.10681727,surprise\PublicTest_99242645.jpg
0.107804276,0.013887777,0.2156664,0.09352492,0.09123458,0.17725311,0.3006289,surprise\PublicTest_99446963.jpg
